<?xml version="1.0" encoding="utf-8"?>
<pacientes>
	<!--error code="00001" name="Error. Autorización Previa"/-->
	
	<paciente id="99000444" name="Edwin Ropero">
		<autorizaciones>
			<autorizacion id="ASD25767">
				<prestacion id="890228" name="Consulta De Primera Vez Por Especialista En Cardiologia"/>
				<subred id="1100130289" name="Subred Centro Oriente ESE"/>
				<centro id="1100130289-01" name="U.D.S Santa Clara"/>
				<sesiones>1</sesiones>
				<orden_clinica id="654321"/>
			</autorizacion>
			<autorizacion id="ASD26861">
				<prestacion id="890380" name="Consulta De Control O De Seguimiento Por Especialista En Ortopedia Y Traumatologia"/>
				<subred id="1100130291" name="Subred Norte ESE"/>
				<centro id="1100130291-32" name="U.D.S Verbenal"/>
				<sesiones>1</sesiones>
				<orden_clinica id="554321"/>
			</autorizacion>			
		</autorizaciones>
	</paciente>
	
	<paciente id="79333222" name="Pedro Perez">
		<autorizaciones>
			<autorizacion id="223344">
				<prestacion id="890228" name="Consulta De Primera Vez Por Especialista En Cardiologia"/>
				<subred id="1100130291" name="Subred Norte ESE"/>
				<centro id="1100130291-1" name="U.D.S Simón Bolívar"/>
				<sesiones>1</sesiones>
				<orden_clinica id="123456"/>	
			</autorizacion>
			<autorizacion id="223355">
				<prestacion id="890280" name="Consulta De Primera Vez Por Especialista En Ortopedia Y Traumatologia"/>
				<subred id="1100130291" name="Subred Norte ESE"/>
				<centro id="1100130291-1" name="U.D.S Simón Bolívar"/>
				<sesiones>1</sesiones>
				<orden_clinica id="654321"/>	
			</autorizacion>	
			<autorizacion id="223356">
				<prestacion id="890380" name="Consulta De Control Por Especialista En Ortopedia Y Traumatologia"/>
				<subred id="1100130294" name="Subred Sur ESE"/>
				<centro id="1100130294-1" name="U.D.S El Tunal"/>
				<sesiones>1</sesiones>
				<orden_clinica id="654321"/>	
			</autorizacion>					
		</autorizaciones>
	</paciente>
	<paciente id="79555444" name="Juan Díaz">
		<autorizaciones>
			<autorizacion id="443322">
				<prestacion id="890228" name="Consulta De Primera Vez Por Especialista En Cardiologia"/>
				<subred id="1100130289" name="Subred Norte ESE"/>
				<centro id="1100130289-1" name="U.D.S Santa Clara"/>
				<sesiones>1</sesiones>
				<orden_clinica id="654321"/>
			</autorizacion>
		</autorizaciones>
	</paciente>
	<paciente id="52111333" name="Ana Angulo">
		<autorizaciones>
			<autorizacion id="112233">
				<prestacion id="890228" name="Consulta De Primera Vez Por Especialista En Cardiologia"/>
				<subred id="1100130294" name="Subred  Sur ESE"/>
				<centro id="1100130294-1" name="U.D.S El Tunal"/>
				<sesiones>1</sesiones>
				<orden_clinica id="123456"/>
			</autorizacion>
		</autorizaciones>
	</paciente>
	<paciente id="52999888" name="Julia Porras">
		<autorizaciones>
			<autorizacion id="332211">
				<prestacion id="890228" name="Consulta De Primera Vez Por Especialista En Cardiologia"/>
				<subred id="1100130296" name="Subred Sur Occidente ESE"/>
				<centro id="1100130296-1" name="U.D.S Occidente De Kennedy"/>
				<sesiones>1</sesiones>
				<orden_clinica id="456789"/>
			</autorizacion>
		</autorizaciones>
	</paciente> 
	<paciente id="65781595" name="Sebastiana Caballera Mohino"><!-- 65781595 -->
		<autorizaciones>
			<autorizacion id="987456">
				<prestacion id="890228" name="Consulta De Primera Vez Por Especialista En Cardiologia"/>
				<subred id="1100130294" name="Subred Sur ESE"/>
				<centro id="1100130294-1" name="U.D.S El Tunal"/>
				<sesiones>1</sesiones>
				<orden_clinica id="123456"/>	
			</autorizacion>
			<autorizacion id="748596">
				<prestacion id="890201" name="Consulta De Primera Vez Por Especialista En Medicina General"/>
				<subred id="1100130291" name="Subred Norte ESE"/>
				<centro id="1100130294-1" name="U.D.S El Tunal"/>
				<sesiones>1</sesiones>
				<orden_clinica id="654321"/>	
			</autorizacion>	
			<autorizacion id="223356">
				<prestacion id="890380" name="Consulta De Control Por Especialista En Ortopedia Y Traumatologia"/>
				<subred id="1100130294" name="Subred Sur ESE"/>
				<centro id="1100130294-1" name="U.D.S El Tunal"/>
				<sesiones>1</sesiones>
				<orden_clinica id="654321"/>	
			</autorizacion>				
		</autorizaciones>
	</paciente>
	<!--inicio yura -->
	<paciente id="9632145879" name="KAROL IVONE SILVA TORRES"><!-- 9632145879 -->
		<autorizaciones>
			<autorizacion id="AP7894561">
				<prestacion id="890228" name="Consulta De Primera Vez Por Especialista En Cardiologia"/>
				<subred id="1100130289" name="Subred Centro Oriente ESE"/>
				<centro id="1100130289-10" name="U.D.S La Candelaria"/>
				<sesiones>1</sesiones>
				<orden_clinica id="1234569"/>			
			</autorizacion>				
		</autorizaciones>
	</paciente>
	<paciente id="5644776" name="ABEL FELIPE GORDILLO BARAJAS"><!-- 5644776 -->
		<autorizaciones>
			<autorizacion id="AP7894563">
				<prestacion id="890228" name="Consulta De Primera Vez Por Especialista En Cardiologia"/>
				<subred id="1100130291" name="Subred Norte ESE"/>
				<centro id="1100130291-12" name="U.D.S Alamos"/>
				<sesiones>1</sesiones>
				<orden_clinica id="1234570"/>			
			</autorizacion>				
		</autorizaciones>
	</paciente>
	<paciente id="85000100" name="MAURICIO ANDRES MORENO GALLO"><!-- 85000100 -->
		<autorizaciones>
			<autorizacion id="AP7894565">
				<prestacion id="890228" name="Consulta De Primera Vez Por Especialista En Cardiologia"/>
				<subred id="1100130294" name="Subred  Sur ESE"/>
				<centro id="1100130294-12" name="U.D.S Amb - Abraham Lincon"/>
				<sesiones>1</sesiones>
				<orden_clinica id="1234571"/>			
			</autorizacion>				
		</autorizaciones>
	</paciente>
	<paciente id="99000700" name="DAVID ORLANDO VARGAS RUIZ"><!-- 99000700 -->
		<autorizaciones>
			<autorizacion id="AP7894567">
				<prestacion id="890228" name="Consulta De Primera Vez Por Especialista En Cardiologia"/>
				<subred id="1100130294" name="Subred  Sur ESE"/>
				<centro id="1100130294-17" name="U.D.S Pasquilla"/>
				<sesiones>1</sesiones>
				<orden_clinica id="1234572"/>			
			</autorizacion>				
		</autorizaciones>
	</paciente>
	<paciente id="95000420" name="ALBERTO CASRLOS MURCIA BERBESI"><!-- 95000420 -->
		<autorizaciones>
			<autorizacion id="AP7894568">
				<prestacion id="890228" name="Consulta De Primera Vez Por Especialista En Cardiologia"/>
				<subred id="1100130296" name="Subred Sur Occidente ESE"/>
				<centro id="1100130296-12" name="U.D.S 50 Mexicana"/>
				<sesiones>1</sesiones>
				<orden_clinica id="1234573"/>			
			</autorizacion>				
		</autorizaciones>
	</paciente>
	<paciente id="10200004" name="WILLIAM ADONAI MONTAÑO ROLDAN"><!-- 10200004 -->
		<autorizaciones>
			<autorizacion id="AP7894570">
				<prestacion id="890228" name="Consulta De Primera Vez Por Especialista En Cardiologia"/>
				<subred id="1100130296" name="Subred Sur Occidente ESE"/>
				<centro id="1100130296-17" name="U.D.S 72 Argelia"/>
				<sesiones>1</sesiones>
				<orden_clinica id="1234574"/>			
			</autorizacion>				
		</autorizaciones>
	</paciente>
	<paciente id="70000200" name="SOFIA ANGULO"><!-- 70000200 -->
		<autorizaciones>
			<autorizacion id="AP7894562">
				<prestacion id="890280" name="Consulta De Primera Vez Por Especialista En Ortopedia Y Traumatologia"/>
				<subred id="1100130289" name="Subred Centro Oriente ESE"/>
				<centro id="1100130289-12" name="U.D.S La Fayette"/>
				<sesiones>1</sesiones>
				<orden_clinica id="1234575"/>			
			</autorizacion>				
		</autorizaciones>
	</paciente>
	<paciente id="93000500" name="CAMILO ANDRES CASTELLANOS LOPEZ"><!-- 93000500 -->
		<autorizaciones>
			<autorizacion id="AP7894564">
				<prestacion id="890280" name="Consulta De Primera Vez Por Especialista En Ortopedia Y Traumatologia"/>
				<subred id="1100130291" name="Subred Norte ESE"/>
				<centro id="1100130291-15" name="U.D.S Suba"/>
				<sesiones>1</sesiones>
				<orden_clinica id="1234576"/>			
			</autorizacion>				
		</autorizaciones>
	</paciente>
	<paciente id="99000901" name="ADOLFO ANGARITA ROMANO"><!-- 99000901 -->
		<autorizaciones>
			<autorizacion id="AP7894566">
				<prestacion id="890280" name="Consulta De Primera Vez Por Especialista En Ortopedia Y Traumatologia"/>
				<subred id="1100130294" name="Subred Sur ESE"/>
				<centro id="1100130294-14" name="U.D.S Manuela Beltran I"/>
				<sesiones>1</sesiones>
				<orden_clinica id="1234577"/>			
			</autorizacion>				
		</autorizaciones>
	</paciente>
	<paciente id="80005066" name="FERNANDO VARGAS"><!-- 80005066 -->
		<autorizaciones>
			<autorizacion id="AP7894569">
				<prestacion id="890280" name="Consulta De Primera Vez Por Especialista En Ortopedia Y Traumatologia"/>
				<subred id="1100130296" name="Subred Sur Occidente ESE"/>
				<centro id="1100130296-14" name="U.D.S 63 Alqueria"/>
				<sesiones>1</sesiones>
				<orden_clinica id="1234578"/>			
			</autorizacion>				
		</autorizaciones>
	</paciente>
</pacientes>  