<?xml version="1.0" encoding="utf-8"?>
<pacientes>
	<!--error code="00001" name="Error. Error interno del sistema."/-->

	<paciente id="23609241" name="ADELA CELIS SIERRA">
		<autorizaciones>
			<autorizacion id="663322">
				<prestacion id="890301" name="Consulta De Control Por Medicina General"/>
				<subred id="1100130289" name="Subred Centro Oriente E.S.E."/>
				<centro id="1100130289-30" name="CAPS San Juan de Dios"/>
				<sesiones>1</sesiones>
				<orden_clinica id="321654"/>	
			</autorizacion>
		</autorizaciones>
	</paciente>	
	
	
	<paciente id="79333222" name="Pedro Perez">
		<autorizaciones>
			<autorizacion id="887766">
				<prestacion id="890228" name="Consulta De Primera Vez Por Especialista En Cardiologia"/>
				<subred id="1100130291" name="Subred Norte ESE"/>
				<centro id="1100130291-1" name="U.D.S Simón Bolívar"/>
				<sesiones>1</sesiones>
				<orden_clinica id="65487"/>	
			</autorizacion>
		</autorizaciones>
	</paciente>
	<paciente id="79555444" name="Juan Díaz">
		<autorizaciones>
			<autorizacion id="885522">
				<prestacion id="890228" name="Consulta De Primera Vez Por Especialista En Cardiologia"/>
				<subred id="1100130289" name="Subred Norte ESE"/>
				<centro id="1100130289-1" name="U.D.S Santa Clara"/>
				<sesiones>1</sesiones>
				<orden_clinica id="774411"/>
			</autorizacion>
		</autorizaciones>
	</paciente>
	<paciente id="52111333" name="Ana Angulo">
		<autorizaciones>
			<autorizacion id="112233">
				<prestacion id="890228" name="Consulta De Primera Vez Por Especialista En Cardiologia"/>
				<subred id="1100130294" name="Subred  Sur ESE"/>
				<centro id="1100130294-1" name="U.D.S El Tunal"/>
				<sesiones>1</sesiones>
				<orden_clinica id=""/>
			</autorizacion>
		</autorizaciones>
	</paciente>
	<paciente id="52999888" name="Julia Porras">
		<autorizaciones>
			<autorizacion id="778855">
				<prestacion id="890228" name="Consulta De Primera Vez Por Especialista En Cardiologia"/>
				<subred id="1100130296" name="Subred Sur Occidente ESE"/>
				<centro id="1100130296-1" name="U.D.S Occidente De Kennedy"/>
				<sesiones>1</sesiones>
				<orden_clinica id=""/>
			</autorizacion>
		</autorizaciones>
	</paciente> 
	<paciente id="AC1552977451396" name="Sebastiana Caballera Mohino"><!-- 65781595 -->
		<autorizaciones>
			<autorizacion id="9874568">
				<prestacion id="890285" name="Consulta De Control Por Especialista En Psiquiatria"/>
				<subred id="1100130294" name="Subred Sur ESE"/>
				<centro id="1100130294-11" name="U.D.S Isla del Sol"/>
				<sesiones>1</sesiones>
				<orden_clinica id="100987"/>	
			</autorizacion>
			<autorizacion id="748596">
				<prestacion id="890201" name="Consulta De Primera Vez Por Especialista En Medicina General"/>
				<subred id="1100130291" name="Subred Sur ESE"/>
				<centro id="1100130294-1" name="U.D.S El Tunal"/>
				<sesiones>1</sesiones>
				<orden_clinica id="654321"/>	
			</autorizacion>	
			<autorizacion id="987456">
				<prestacion id="890228" name="Consulta De Primera Vez Por Especialista En Cardiologia"/>
				<subred id="1100130294" name="Subred Sur ESE"/>
				<centro id="1100130294-1" name="U.D.S El Tunal"/>
				<sesiones>1</sesiones>
				<orden_clinica id="123456"/>	
			</autorizacion>
		</autorizaciones>
	</paciente>
	<paciente id="202021212222" name="FERBANDO ALEXANDER CARRILLO PUERTO"><!-- 65781595 -->
		<autorizaciones>
			<autorizacion id="9874561">
				<prestacion id="890283" name="Consulta De Primera Vez Por Especialista en Pediatría"/>
				<subred id="1100130296" name="Subred Sur Occidente E.S.E."/>
				<centro id="1100130296-8" name="U.D.S 30 Bomberos"/>
				<sesiones>1</sesiones>
				<orden_clinica id="1009871"/>	
			</autorizacion>			
		</autorizaciones>
	</paciente>
	<paciente id="20000100" name="EDILIA MARIA TOLOSA URIBE"><!-- 65781595 -->
		<autorizaciones>
			<autorizacion id="998877">
				<prestacion id="890250" name="Consulta De Primera Vez Por Especialista En Ginecologia Y Obstetricia"/>
				<subred id="1100130291" name="Subred Norte E.S.E"/>
				<centro id="1100130291-32" name="U.D.S Verbenal"/>
				<sesiones>1</sesiones>
				<orden_clinica id="1009871"/>	
			</autorizacion>			
		</autorizaciones>
	</paciente>
	<paciente id="65781595" name="Sebastiana Caballera Mohino"><!-- 65781595 -->
		<autorizaciones>
			<autorizacion id="987456">
				<prestacion id="890228" name="Consulta De Primera Vez Por Especialista En Cardiologia"/>
				<subred id="1100130294" name="Subred Sur ESE"/>
				<centro id="1100130294-1" name="U.D.S El Tunal"/>
				<sesiones>1</sesiones>
				<orden_clinica id="123456"/>	
			</autorizacion>
		</autorizaciones>
	</paciente>
	<!--inicio yura -->
	<paciente id="1000334455" name="MARIA DEL PILAR CASTIBLANCO HERRERA"><!-- 1000334455 -->
		<autorizaciones>
			<autorizacion id="AA1234565">
				<prestacion id="890263" name="Consulta De Primera Vez Por Especialista En Medicina Familiar"/>
				<subred id="1100130289" name="Subred Centro Oriente ESE"/>
				<centro id="1100130289-11" name="U.D.S Cruces"/>
				<sesiones>1</sesiones>
				<orden_clinica id="789456"/>	
			</autorizacion>
		</autorizaciones>
	</paciente>
	<paciente id="91601293" name="CAMILO BENAVIDES SALAMANCA"><!-- 91601293 -->
		<autorizaciones>
			<autorizacion id="AA1234566">
				<prestacion id="890263" name="Consulta De Primera Vez Por Especialista En Medicina Familiar"/>
				<subred id="1100130291" name="Subred Norte ESE"/>
				<centro id="1100130291-13" name="U.D.S Española"/>
				<sesiones>1</sesiones>
				<orden_clinica id="789457"/>	
			</autorizacion>
		</autorizaciones>
	</paciente>
	<paciente id="1116067482" name="BRANDON REY GOMEZ FINO"><!-- 1116067482 -->
		<autorizaciones>
			<autorizacion id="AA1234567">
				<prestacion id="890263" name="Consulta De Primera Vez Por Especialista En Medicina Familiar"/>
				<subred id="1100130291" name="Subred Norte ESE"/>
				<centro id="1100130291-14" name="U.D.S Ct Serv Especializado"/>
				<sesiones>1</sesiones>
				<orden_clinica id="789458"/>	
			</autorizacion>
		</autorizaciones>
	</paciente>
	<paciente id="121245456" name="OSCAR JAVIER JIMENEZ HEREDIA"><!-- 121245456 -->
		<autorizaciones>
			<autorizacion id="AA1234568">
				<prestacion id="890263" name="Consulta De Primera Vez Por Especialista En Medicina Familiar"/>
				<subred id="1100130294" name="Subred  Sur ESE"/>
				<centro id="1100130294-13" name="U.D.S Jerusalen"/>
				<sesiones>1</sesiones>
				<orden_clinica id="789459"/>	
			</autorizacion>
		</autorizaciones>
	</paciente>
	<paciente id="50174098" name="CARLOS ARTURO CASTAÑEDA FLOREZ"><!-- 50174098 -->
		<autorizaciones>
			<autorizacion id="AA1234569">
				<prestacion id="890263" name="Consulta De Primera Vez Por Especialista En Medicina Familiar"/>
				<subred id="1100130296" name="Subred Sur Occidente ESE"/>
				<centro id="1100130296-13" name="U.D.S 60 Vision De Colombia"/>
				<sesiones>1</sesiones>
				<orden_clinica id="789460"/>	
			</autorizacion>
		</autorizaciones>
	</paciente>
	<paciente id="60123123" name="ANA MARIA LIZCANO ALVAREZ"><!-- 1116067482 -->
		<autorizaciones>
			<autorizacion id="748596">
				<prestacion id="890301" name="Consulta De Control Por Medicina General"/>
				<subred id="1100130294" name="Subred Sur ESE"/>
				<centro id="1100130294-01" name="U.D.S El Tunal"/>
				<sesiones>1</sesiones>
				<orden_clinica id="654321"/>	
			</autorizacion>	
		</autorizaciones>
	</paciente>
</pacientes>  