<?xml version="1.0" encoding="utf-8"?>
<subredes>
  <subred id="1100130289" name="Centro Oriente">
    <url>http://localhost:9494/cancelarCita/</url>
  </subred>
  <subred id="1100130291" name="Norte">
    <url>http://localhost:9494/cancelarCita/</url>
  </subred>
  <subred id="1100130294" name="Sur">
    <url>http://localhost:9494/cancelarCita/</url>
  </subred>
  <subred id="1100130296" name="Sur Occidente">
    <url>http://localhost:9494/cancelarCita/</url>
  </subred>
</subredes>  

