<subred id="1100130289" nombre="Subred Centro Oriente E.S.E.">
<!--error nack="AR" code="Error01" name="Mensaje Rechazado por estructura "/-->
<!--error nack="AE" code="Error05" name="Error interno HIS"/-->

<paciente id="23609241">
	<cita id="8107" ubicacion="consultorio 702" duracion="30" fecha="20190310080000" ordenClinica="" flagPrivado="NO" telefono="7111111" email="">
		<estado id="fulfilled" nombre="fulfilled"/>
		<centro id="1100130289-02" nombre="U.D.S San Blas"/>
		<servicio id="328" nombre="Medicina General"/>
		<agenda id="8001" nombre="Dra. Lopez"/>
		<profesional id="53520897" tipoId="CC" nombre1="Elba" nombre2="Lucia" apellido1="Lopez" apellido2="Romero"/>
		<prestacion id="890201" nombre="Consulta De Primera Vez Por Medicina General"/>
		<autorizacion codigo="ASD25633" idEPS="EPSC34" desEPS="Capital Salud"/>
		<noAsistencia id="" nombre=""/>	
		<cancelacion id="20" nombre="Especialidad no corresponde"/>	
	</cita>	
	<cita id="8177" ubicacion="consultorio 502" duracion="30" fecha="20190529150000" ordenClinica="4563" flagPrivado="NO" telefono="7111111" email="">
		<estado id="fulfilled" nombre="fulfilled"/>
		<centro id="1100130289-29" nombre="U.D.S Victoria"/>
		<servicio id="328" nombre="Medicina General"/>
		<agenda id="1001" nombre="Dra. Moreno Romero"/>
		<profesional id="52520897" tipoId="CC" nombre1="Luisa" nombre2="Marcela" apellido1="Moreno" apellido2="Romero"/>
		<prestacion id="890201" nombre="Consulta De Primera Vez Por Medicina General"/>	
		<autorizacion codigo="" idEPS="" desEPS=""/>
		<noAsistencia id="" nombre=""/>	
		<cancelacion id="" nombre=""/>
	</cita>	
	<cita id="9177" ubicacion="consultorio 502" duracion="30" fecha="20190620113000" ordenClinica="4563" flagPrivado="NO" telefono="7111111" email="">
		<estado id="fulfilled" nombre="fulfilled"/>
		<centro id="1100130289-1" nombre="U.D.S Santa Clara"/>
		<servicio id="302" nombre="Cardiología"/>
		<agenda id="9001" nombre="Dra Torres"/>
		<profesional id="52111224" tipoId="CC" nombre1="María" nombre2="Teresa" apellido1="Torres" apellido2="Caicedo"/>
		<prestacion id="890228" nombre="Consulta De Primera Vez Por Especialista En Cardiología"/>	
		<autorizacion codigo="ASD75631" idEPS="EPSC34" desEPS="Capital Salud"/>
		<noAsistencia id="" nombre=""/>	
		<cancelacion id="" nombre=""/>	
	</cita>	
	<cita id="1577" ubicacion="consultorio 612" duracion="30" fecha="20190629070000" ordenClinica="4563" flagPrivado="NO" telefono="7111111" email="">
		<estado id="fulfilled" nombre="fulfilled"/>
		<centro id="1100130289-30" nombre="Caps San Juan de Dios"/>
		<servicio id="328" nombre="Medicina General"/>
		<agenda id="8001" nombre="Dra. Lindarte"/>
		<profesional id="63520897" tipoId="CC" nombre1="Luz" nombre2="Lucia" apellido1="Lindarte" apellido2="Caicedo"/>
		<prestacion id="890201" nombre="Consulta De Primera Vez Por Medicina General"/>
		<autorizacion codigo="ASD25632" idEPS="EPSC34" desEPS="Capital Salud"/>
		<noAsistencia id="" nombre=""/>	
		<cancelacion id="" nombre=""/>	
	</cita>		
</paciente>

<paciente id="99000444">
	<cita id="1107" ubicacion="consultorio 702" duracion="30" fecha="20190310070000" ordenClinica="" flagPrivado="NO" telefono="7111111" email="">
		<estado id="noshow" nombre="Inasistida"/>
		<centro id="1100130289-02" nombre="U.D.S San Blas"/>
		<servicio id="328" nombre="Medicina General"/>
		<agenda id="1001" nombre="Dra. Tania Lucia Ruiz"/>
		<profesional id="68520897" tipoId="CC" nombre1="Tataiana" nombre2="Lucia" apellido1="Ruiz" apellido2="Caicedo"/>
		<prestacion id="890201" nombre="Consulta De Primera Vez Por Medicina General"/>	
		<autorizacion codigo="" idEPS="" desEPS=""/>
		<noAsistencia id="" nombre=""/>	
		<cancelacion id="" nombre=""/>	
	</cita>	
	<cita id="1107" ubicacion="consultorio 502" duracion="30" fecha="20190729070000" ordenClinica="4563" flagPrivado="NO" telefono="7111111" email="">
		<estado id="booked" nombre="Asignada"/>
		<centro id="1100130289-10" nombre="U.D.S la Candelaria"/>
		<servicio id="739" nombre="Fisioterapia"/>
		<agenda id="8001" nombre="Dra. Luz Lindarte"/>
		<profesional id="63520897" tipoId="CC" nombre1="Luz" nombre2="Lucia" apellido1="Lindarte" apellido2="Caicedo"/>
		<prestacion id="931001" nombre="Terapia Fisica Integral"/>	
		<autorizacion codigo="ASD25632" idEPS="EPSC34" desEPS="Capital Salud"/>
		<noAsistencia id="" nombre=""/>	
		<cancelacion id="" nombre=""/>	
	</cita>		
</paciente>


<paciente id="50515151">
	<cita id="5121" ubicacion="Consultorio 401" duracion="30" fecha="20190401103000" ordenClinica="123456" flagPrivado="NO" telefono="7111111" email="">
		<estado id="fulfilled" nombre="fulfilled"/>booked
		<centro id="1100130291-1" nombre="U.D.S Simón Bolívar"/>
		<servicio id="302" nombre="Cardiología"/>
		<agenda id="1001" nombre="Dra xxx"/>
		<profesional id="52111224" tipoId="CC" nombre1="María" nombre2="Teresa" apellido1="Torres" apellido2="Caicedo"/>
		<prestacion id="890228" nombre="Consulta De Primera Vez Por Especialista En Cardiología"/>	
		<autorizacion codigo="890228" idEPS="" desEPS=""/>
		<noAsistencia id="" nombre=""/>	
		<cancelacion id="" nombre=""/>	
	</cita>
	<cita id="5122" ubicacion="Consultorio 401" duracion="30" fecha="20190421103000" ordenClinica="123457" flagPrivado="NO" telefono="" email="">
		<estado id="booked" nombre="booked"/>		
		<centro id="1100130291-1" nombre="U.D.S Simón Bolívar"/>
		<servicio id="302" nombre="Cardiología"/>
		<agenda id="1001" nombre="Dra xxx"/>
		<profesional id="52111224" tipoId="CC" nombre1="María" nombre2="Teresa" apellido1="Torres" apellido2="Caicedo"/>
		<prestacion id="890228" nombre="Consulta De Primera Vez Por Especialista En Cardiología"/>	
		<autorizacion codigo="890228" idEPS="" desEPS=""/>	
		<noAsistencia id="" nombre=""/>	
		<cancelacion id="" nombre=""/>
	</cita>		
</paciente>
<paciente id="79333222">
	<cita id="5123" ubicacion="Consultorio 401" duracion="30" fecha="20190421103000" ordenClinica="123458" flagPrivado="NO" telefono="" email="pepito@dominio.com">
		<estado id="cancelled" nombre="cancelled"/>
		<centro id="1100130291-1" nombre="U.D.S Simón Bolívar"/>
		<servicio id="302" nombre="Cardiología"/>
		<agenda id="1001" nombre="Dra xxx"/>
		<profesional id="52111224" tipoId="CC" nombre1="María" nombre2="Teresa" apellido1="Torres" apellido2="Caicedo"/>
		<prestacion id="890228" nombre="Consulta De Primera Vez Por Especialista En Cardiología"/>	
		<autorizacion codigo="890228" idEPS="" desEPS=""/>	
		<noAsistencia id="" nombre=""/>	
		<cancelacion id="1" nombre="otros"/>	
	</cita>
</paciente>	
<paciente id="99000700">
	<cita id="99006" ubicacion="Consultorio 401" duracion="30" fecha="20190401103000" ordenClinica="123458" flagPrivado="NO" telefono="" email="pepito@dominio.com">
		<estado id="cancelled" nombre="cancelled"/>
		<centro id="1100130289-14" nombre="U.D.S U.D.S Ricaurte"/>
		<servicio id="329" nombre="Medicina Interna"/>
		<agenda id="1001" nombre="Medicina Interna"/>
		<profesional id="52111224" tipoId="CC" nombre1="Rodrigo" nombre2="Raul" apellido1="Perez" apellido2="Amado"/>
		<prestacion id="890266" nombre="Consulta De Primera Vez Por Especialista En Medicina Interna"/>	
		<autorizacion codigo="890228" idEPS="" desEPS=""/>	
		<noAsistencia id="" nombre=""/>	
		<cancelacion id="1" nombre="otros"/>	
	</cita>
	<cita id="990068" ubicacion="Consultorio 401" duracion="30" fecha="20190502153000" ordenClinica="123458" flagPrivado="NO" telefono="" email="pepito@dominio.com">
		<estado id="booked" nombre="booked"/>
		<centro id="1100130289-14" nombre="U.D.S Ricaurte"/>
		<servicio id="329" nombre="Medicina Interna"/>
		<agenda id="1001" nombre="Medicina Interna"/>
		<profesional id="52111224" tipoId="CC" nombre1="Rodrigo" nombre2="Raul" apellido1="Perez" apellido2="Amado"/>
		<prestacion id="890266" nombre="Consulta De Primera Vez Por Especialista En Medicina Interna"/>	
		<autorizacion codigo="890228" idEPS="" desEPS=""/>	
		<noAsistencia id="" nombre=""/>	
		<cancelacion id="" nombre=""/>	
	</cita>
</paciente>	
<paciente id="99000600">
	<cita id="990068" ubicacion="Consultorio 305" duracion="30" fecha="20190502153000" ordenClinica="123458" flagPrivado="NO" telefono="" email="pepito@dominio.com">
		<estado id="booked" nombre="booked"/>
		<centro id="1100130289-14" nombre="U.D.S Ricaurte"/>
		<servicio id="329" nombre="Medicina Interna"/>
		<agenda id="1001" nombre="Medicina Interna"/>
		<profesional id="52111224" tipoId="CC" nombre1="Rodrigo" nombre2="Raul" apellido1="Perez" apellido2="Amado"/>
		<prestacion id="890266" nombre="Consulta De Primera Vez Por Especialista En Medicina Interna"/>	
		<autorizacion codigo="890228" idEPS="" desEPS=""/>	
		<noAsistencia id="" nombre=""/>	
		<cancelacion id="" nombre=""/>	
	</cita>
</paciente>	
<paciente id="99000400">
	<cita id="99006" ubicacion="Consultorio 401" duracion="30" fecha="20190501103000" ordenClinica="123458" flagPrivado="NO" telefono="" email="pepito@dominio.com">
		<estado id="booked" nombre="booked"/>
		<centro id="1100130289-14" nombre="U.D.S U.D.S Ricaurte"/>
		<servicio id="329" nombre="Medicina Interna"/>
		<agenda id="1001" nombre="Medicina Interna"/>
		<profesional id="52111224" tipoId="CC" nombre1="Rodrigo" nombre2="Raul" apellido1="Perez" apellido2="Amado"/>
		<prestacion id="890266" nombre="Consulta De Primera Vez Por Especialista En Medicina Interna"/>	
		<autorizacion codigo="890228" idEPS="" desEPS=""/>	
		<noAsistencia id="" nombre=""/>	
		<cancelacion id="1" nombre="otros"/>	
	</cita>
</paciente>	
<!--inicio yura -->
<paciente id="92000160">
	<cita id="2001" ubicacion="Consultorio 401" duracion="30" fecha="20190315070000" ordenClinica="9632" flagPrivado="NO" telefono="" email="">
		<estado id="cancelled" nombre="Cancelada"/>
		<centro id="1100130289-1" nombre="U.D.S Santa Clara"/>
		<servicio id="301" nombre="Endocrinologia"/>
		<agenda id="301" nombre="Endocrinologia"/>
		<profesional id="7000029" tipoId="CC" nombre1="Carlos" nombre2="" apellido1="Mesa" apellido2=""/>
		<prestacion id="890244" nombre="Consulta De Primera Vez Por Especialista En Endocrinologia"/>	
		<autorizacion codigo="AP12369" idEPS="" desEPS=""/>	
		<noAsistencia id="" nombre=""/>	
		<cancelacion id="10" nombre="Cambio de agenda"/>	
	</cita>
</paciente>	

<paciente id="9632145879">
	<cita id="2002" ubicacion="Consultorio 401" duracion="30" fecha="20190315070000" ordenClinica="9633" flagPrivado="NO" telefono="" email="">
		<estado id="cancelled" nombre="Cancelada"/>
		<centro id="1100130289-10" nombre="U.D.S La Candelaria"/>
		<servicio id="301" nombre="Endocrinologia"/>
		<agenda id="301" nombre="Endocrinologia"/>
		<profesional id="7000029" tipoId="CC" nombre1="Carlos" nombre2="" apellido1="Mesa" apellido2=""/>
		<prestacion id="890244" nombre="Consulta De Primera Vez Por Especialista En Endocrinologia"/>	
		<autorizacion codigo="AP12370" idEPS="" desEPS=""/>	
		<noAsistencia id="" nombre=""/>	
		<cancelacion id="10" nombre="Cambio de agenda"/>	
	</cita>
</paciente>	

<paciente id="1000334455">
	<cita id="2003" ubicacion="Consultorio 401" duracion="30" fecha="20190315070000" ordenClinica="9634" flagPrivado="NO" telefono="" email="">
		<estado id="cancelled" nombre="Cancelada"/>
		<centro id="1100130289-11" nombre="U.D.S Cruces"/>
		<servicio id="301" nombre="Endocrinologia"/>
		<agenda id="301" nombre="Endocrinologia"/>
		<profesional id="7000029" tipoId="CC" nombre1="Carlos" nombre2="" apellido1="Mesa" apellido2=""/>
		<prestacion id="890244" nombre="Consulta De Primera Vez Por Especialista En Endocrinologia"/>	
		<autorizacion codigo="AP12371" idEPS="" desEPS=""/>	
		<noAsistencia id="" nombre=""/>	
		<cancelacion id="10" nombre="Cambio de agenda"/>	
	</cita>
</paciente>	

<paciente id="70000200">
	<cita id="2004" ubicacion="Consultorio 401" duracion="30" fecha="20190315070000" ordenClinica="9635" flagPrivado="NO" telefono="" email="">
		<estado id="cancelled" nombre="Cancelada"/>
		<centro id="1100130289-12" nombre="U.D.S La Fayette"/>
		<servicio id="301" nombre="Endocrinologia"/>
		<agenda id="301" nombre="Endocrinologia"/>
		<profesional id="7000029" tipoId="CC" nombre1="Carlos" nombre2="" apellido1="Mesa" apellido2=""/>
		<prestacion id="890244" nombre="Consulta De Primera Vez Por Especialista En Endocrinologia"/>	
		<autorizacion codigo="AP12372" idEPS="" desEPS=""/>	
		<noAsistencia id="" nombre=""/>	
		<cancelacion id="10" nombre="Cambio de agenda"/>	
	</cita>
</paciente>	
<paciente id="70000200">
	<cita id="2053" ubicacion="Consultorio 401" duracion="30" fecha="20190615070000" ordenClinica="9635" flagPrivado="NO" telefono="" email="">
		<estado id="booked" nombre="Asignada"/>
		<centro id="1100130289-12" nombre="U.D.S La Fayette"/>
		<servicio id="301" nombre="Endocrinologia"/>
		<agenda id="301" nombre="Endocrinologia"/>
		<profesional id="7000029" tipoId="CC" nombre1="Carlos" nombre2="" apellido1="Mesa" apellido2=""/>
		<prestacion id="890244" nombre="Consulta De Primera Vez Por Especialista En Endocrinologia"/>	
		<autorizacion codigo="AP12372" idEPS="" desEPS=""/>	
		<noAsistencia id="" nombre=""/>	
		<cancelacion id="" nombre=""/>	
	</cita>
</paciente>	
<paciente id="1149454766">
	<cita id="2005" ubicacion="Consultorio 401" duracion="30" fecha="20190315070000" ordenClinica="9636" flagPrivado="NO" telefono="" email="">
		<estado id="cancelled" nombre="Cancelada"/>
		<centro id="1100130289-13" nombre="U.D.S Laches"/>
		<servicio id="301" nombre="Endocrinologia"/>
		<agenda id="301" nombre="Endocrinologia"/>
		<profesional id="7000029" tipoId="CC" nombre1="Carlos" nombre2="" apellido1="Mesa" apellido2=""/>
		<prestacion id="890244" nombre="Consulta De Primera Vez Por Especialista En Endocrinologia"/>	
		<autorizacion codigo="AP12373" idEPS="" desEPS=""/>	
		<noAsistencia id="" nombre=""/>	
		<cancelacion id="10" nombre="Cambio de agenda"/>	
	</cita>
</paciente>	
<paciente id="1149454766">
	<cita id="2054" ubicacion="Consultorio 401" duracion="30" fecha="20190615070000" ordenClinica="9636" flagPrivado="NO" telefono="" email="">
		<estado id="booked" nombre="Asignada"/>
		<centro id="1100130289-13" nombre="U.D.S Laches"/>
		<servicio id="301" nombre="Endocrinologia"/>
		<agenda id="301" nombre="Endocrinologia"/>
		<profesional id="7000029" tipoId="CC" nombre1="Carlos" nombre2="" apellido1="Mesa" apellido2=""/>
		<prestacion id="890244" nombre="Consulta De Primera Vez Por Especialista En Endocrinologia"/>	
		<autorizacion codigo="AP12373" idEPS="" desEPS=""/>	
		<noAsistencia id="" nombre=""/>	
		<cancelacion id="" nombre=""/>	
	</cita>
</paciente>	
<paciente id="7000001">
	<cita id="2006" ubicacion="Consultorio 401" duracion="30" fecha="20190315070000" ordenClinica="9637" flagPrivado="NO" telefono="" email="">
		<estado id="cancelled" nombre="Cancelada"/>
		<centro id="1100130289-14" nombre="U.D.S Ricaurte"/>
		<servicio id="301" nombre="Endocrinologia"/>
		<agenda id="301" nombre="Endocrinologia"/>
		<profesional id="7000029" tipoId="CC" nombre1="Carlos" nombre2="" apellido1="Mesa" apellido2=""/>
		<prestacion id="890244" nombre="Consulta De Primera Vez Por Especialista En Endocrinologia"/>	
		<autorizacion codigo="AP12374" idEPS="" desEPS=""/>	
		<noAsistencia id="" nombre=""/>	
		<cancelacion id="10" nombre="Cambio de agenda"/>	
	</cita>
</paciente>	

</subred>