<subred id="1100130296" nombre="Subred Sur Occidente ESE">
<!--error nack="AR" code="Error01" name="Mensaje Rechazado por estructura "/-->
<!--error nack="AE" code="Error05" name="Error interno HIS"/-->
<paciente id="79654321">
	<cita id="6121" ubicacion="Consultorio 401" duracion="30" fecha="20190401103000" ordenClinica="123456" flagPrivado="NO" telefono="7111111" email="">
		<estado id="fulfilled" nombre="fulfilled"/>booked
		<centro id="1100130291-1" nombre="U.D.S Simón Bolívar"/>
		<servicio id="302" nombre="Cardiología"/>
		<agenda id="1001" nombre="Dra xxx"/>
		<profesional id="52111224" tipoId="CC" nombre1="María" nombre2="Teresa" apellido1="Torres" apellido2="Caicedo"/>
		<prestacion id="890228" nombre="Consulta De Primera Vez Por Especialista En Cardiología"/>	
		<autorizacion codigo="890228" idEPS="" desEPS=""/>
		<noAsistencia id="" nombre=""/>	
		<cancelacion id="" nombre=""/>	
	</cita>
	<cita id="6122" ubicacion="Consultorio 401" duracion="30" fecha="20190421103000" ordenClinica="123457" flagPrivado="NO" telefono="" email="">
		<estado id="booked" nombre="booked"/>		
		<centro id="1100130291-1" nombre="U.D.S Simón Bolívar"/>
		<servicio id="302" nombre="Cardiología"/>
		<agenda id="1001" nombre="Dra xxx"/>
		<profesional id="52111224" tipoId="CC" nombre1="María" nombre2="Teresa" apellido1="Torres" apellido2="Caicedo"/>
		<prestacion id="890228" nombre="Consulta De Primera Vez Por Especialista En Cardiología"/>	
		<autorizacion codigo="890228" idEPS="" desEPS=""/>	
		<noAsistencia id="" nombre=""/>	
		<cancelacion id="" nombre=""/>
	</cita>		
</paciente>
<paciente id="79333222">
	<cita id="6123" ubicacion="Consultorio 401" duracion="30" fecha="20190421103000" ordenClinica="123458" flagPrivado="NO" telefono="" email="pepito@dominio.com">
		<estado id="cancelled" nombre="cancelled"/>
		<centro id="1100130291-1" nombre="U.D.S Simón Bolívar"/>
		<servicio id="302" nombre="Cardiología"/>
		<agenda id="1001" nombre="Dra xxx"/>
		<profesional id="52111224" tipoId="CC" nombre1="María" nombre2="Teresa" apellido1="Torres" apellido2="Caicedo"/>
		<prestacion id="890228" nombre="Consulta De Primera Vez Por Especialista En Cardiología"/>	
		<autorizacion codigo="890228" idEPS="" desEPS=""/>	
		<noAsistencia id="" nombre=""/>	
		<cancelacion id="1" nombre="otros"/>	
	</cita>
</paciente>	
<paciente id="99000700">
	<cita id="99001" ubicacion="Consultorio 401" duracion="30" fecha="20190401103000" ordenClinica="123456" flagPrivado="NO" telefono="7111111" email="">
		<estado id="fulfilled" nombre="fulfilled"/>booked
		<centro id="1100130296-11" nombre="U.D.S 37 Pio XII"/>
		<servicio id="328" nombre="Medicina General"/>
		<agenda id="61238" nombre="Medicina General"/>
		<profesional id="52111224" tipoId="CC" nombre1="María" nombre2="Teresa" apellido1="Torres" apellido2="Caicedo"/>
		<prestacion id="890201" nombre="Consulta De Primera Vez Por Medicina General"/>	
		<autorizacion codigo="890228" idEPS="" desEPS=""/>
		<noAsistencia id="" nombre=""/>	
		<cancelacion id="" nombre=""/>	
	</cita>
	<cita id="99002" ubicacion="Consultorio 401" duracion="30" fecha="20190421103000" ordenClinica="123457" flagPrivado="NO" telefono="" email="">
		<estado id="booked" nombre="booked"/>		
		<centro id="1100130296-1" nombre="U.D.S 37 Pio XII"/>
		<servicio id="302" nombre="Cardiología"/>
		<agenda id="612389" nombre="Agenda Cardiología"/>
		<profesional id="52111224" tipoId="CC" nombre1="Juan" nombre2="Andres" apellido1="Torrado" apellido2="Caicedo"/>
		<prestacion id="890228" nombre="Consulta De Primera Vez Por Especialista En Cardiología"/>	
		<autorizacion codigo="890228" idEPS="" desEPS=""/>	
		<noAsistencia id="" nombre=""/>	
		<cancelacion id="" nombre=""/>
	</cita>		
</paciente>
<paciente id="95000680">
	<cita id="99901" ubicacion="Consultorio 301" duracion="30" fecha="20190501123000" ordenClinica="1234567" flagPrivado="NO" telefono="3165555555" email="">
		<estado id="booked" nombre="booked"/>booked
		<centro id="1100130296-11" nombre="U.D.S 37 Pio XII"/>
		<servicio id="328" nombre="Medicina General"/>
		<agenda id="61238" nombre="Medicina General"/>
		<profesional id="52111224" tipoId="CC" nombre1="María" nombre2="Teresa" apellido1="Torres" apellido2="Caicedo"/>
		<prestacion id="890201" nombre="Consulta De Primera Vez Por Medicina General"/>	
		<autorizacion codigo="890228" idEPS="" desEPS=""/>
		<noAsistencia id="" nombre=""/>	
		<cancelacion id="" nombre=""/>	
	</cita>
	<cita id="99902" ubicacion="Consultorio 401" duracion="30" fecha="20190521143000" ordenClinica="12345789" flagPrivado="NO" telefono="" email="">
		<estado id="booked" nombre="booked"/>		
		<centro id="1100130291-1" nombre="U.D.S Simón Bolívar"/>
		<servicio id="302" nombre="Cardiología"/>
		<agenda id="1001" nombre="Cardiología"/>
		<profesional id="52111224" tipoId="CC" nombre1="Juan" nombre2="Andres" apellido1="Torrado" apellido2="Caicedo"/>
		<prestacion id="890228" nombre="Consulta De Primera Vez Por Especialista En Cardiología"/>	
		<autorizacion codigo="890228" idEPS="" desEPS=""/>	
		<noAsistencia id="" nombre=""/>	
		<cancelacion id="" nombre=""/>
	</cita>		
	<cita id="812389" ubicacion="Consultorio 201" duracion="30" fecha="20190515093000" ordenClinica="123458" flagPrivado="NO" telefono="" email="pepito@dominio.com">
		<estado id="booked" nombre="booked"/>
		<centro id="1100130296-11" nombre="U.D.S 37 Pio XII"/>
		<servicio id="334" nombre="Odontología General"/>
		<agenda id="6124861" nombre="Agenda Odontología General"/>
		<profesional id="52111224" tipoId="CC" nombre1="María" nombre2="Teresa" apellido1="Alvarado" apellido2="Caicedo"/>
		<prestacion id="890203" nombre="Consulta De Primera Vez Por Odontología General"/>	
		<autorizacion codigo="89022865" idEPS="" desEPS=""/>	
		<noAsistencia id="" nombre=""/>	
		<cancelacion id="" nombre=""/>	
	</cita>
</paciente>
<paciente id="99000350"> 
	<cita id="99001" ubicacion="Consultorio 401" duracion="30" fecha="20190401103000" ordenClinica="123456" flagPrivado="NO" telefono="7111111" email="">
		<estado id="fulfilled" nombre="fulfilled"/>booked
		<centro id="1100130296-11" nombre="U.D.S 37 Pio XII"/>
		<servicio id="328" nombre="Medicina General"/>
		<agenda id="61238" nombre="Medicina General"/>
		<profesional id="52111224" tipoId="CC" nombre1="María" nombre2="Teresa" apellido1="Torres" apellido2="Caicedo"/>
		<prestacion id="890201" nombre="Consulta De Primera Vez Por Medicina General"/>	
		<autorizacion codigo="890228" idEPS="" desEPS=""/>
		<noAsistencia id="" nombre=""/>	
		<cancelacion id="" nombre=""/>	
	</cita>
	<cita id="99002" ubicacion="Consultorio 401" duracion="30" fecha="20190321183000" ordenClinica="123457" flagPrivado="NO" telefono="" email="">
		<estado id="noshow" nombre="noshow"/>		
		<centro id="1100130296-32" nombre="U.D.S Terminal Terrestre"/>
		<servicio id="302" nombre="Cardiología"/>
		<agenda id="1001" nombre="Cardiología"/>
		<profesional id="52111224" tipoId="CC" nombre1="Juan" nombre2="Andres" apellido1="Torrado" apellido2="Caicedo"/>
		<prestacion id="890228" nombre="Consulta De Primera Vez Por Especialista En Cardiología"/>	
		<autorizacion codigo="890228" idEPS="" desEPS=""/>	
		<noAsistencia id="" nombre=""/>	
		<cancelacion id="" nombre=""/>
	</cita>		
	<cita id="99002" ubicacion="Consultorio 401" duracion="30" fecha="20190222153000" ordenClinica="123457" flagPrivado="NO" telefono="" email="">
		<estado id="cancelled" nombre="cancelled"/>		
		<centro id="1100130296-32" nombre="U.D.S Terminal Terrestre"/>
		<servicio id="302" nombre="Cardiología"/>
		<agenda id="1001" nombre="Cardiología"/>
		<profesional id="52111224" tipoId="CC" nombre1="Juan" nombre2="Andres" apellido1="Torrado" apellido2="Caicedo"/>
		<prestacion id="890228" nombre="Consulta De Primera Vez Por Especialista En Cardiología"/>	
		<autorizacion codigo="890228" idEPS="" desEPS=""/>	
		<noAsistencia id="" nombre=""/>	
		<cancelacion id="" nombre=""/>
	</cita>	
</paciente>
<!--inicio yura -->
<paciente id="22334455">
	<cita id="2009" ubicacion="Consultorio 401" duracion="30" fecha="20190315070000" ordenClinica="9640" flagPrivado="NO" telefono="" email="">
		<estado id="cancelled" nombre="Cancelada"/>
		<centro id="1100130296-1" nombre="U.D.S Occidente De Kennedy"/>
		<servicio id="301" nombre="Endocrinologia"/>
		<agenda id="301" nombre="Endocrinologia"/>
		<profesional id="7000029" tipoId="CC" nombre1="Carlos" nombre2="" apellido1="Mesa" apellido2=""/>
		<prestacion id="890244" nombre="Consulta De Primera Vez Por Especialista En Endocrinologia"/>	
		<autorizacion codigo="AP12380" idEPS="" desEPS=""/>	
		<noAsistencia id="" nombre=""/>	
		<cancelacion id="10" nombre="Cambio de agenda"/>	
	</cita>
</paciente>	
<paciente id="22334455">
	<cita id="2060" ubicacion="Consultorio 401" duracion="30" fecha="20190615070000" ordenClinica="9640" flagPrivado="NO" telefono="" email="">
		<estado id="booked" nombre="Asignada"/>
		<centro id="11100130296-1" nombre="U.D.S Occidente De Kennedy"/>
		<servicio id="301" nombre="Endocrinologia"/>
		<agenda id="301" nombre="Endocrinologia"/>
		<profesional id="7000029" tipoId="CC" nombre1="Carlos" nombre2="" apellido1="Mesa" apellido2=""/>
		<prestacion id="890244" nombre="Consulta De Primera Vez Por Especialista En Endocrinologia"/>	
		<autorizacion codigo="AP12380" idEPS="" desEPS=""/>	
		<noAsistencia id="" nombre=""/>	
		<cancelacion id="" nombre=""/>	
	</cita>
</paciente>
<paciente id="14617753">
	<cita id="2010" ubicacion="Consultorio 401" duracion="30" fecha="20190315070000" ordenClinica="9641" flagPrivado="NO" telefono="" email="">
		<estado id="cancelled" nombre="Cancelada"/>
		<centro id="1100130296-10" nombre="U.D.S 36 Asuncion Bochica"/>
		<servicio id="301" nombre="Endocrinologia"/>
		<agenda id="301" nombre="Endocrinologia"/>
		<profesional id="7000029" tipoId="CC" nombre1="Carlos" nombre2="" apellido1="Mesa" apellido2=""/>
		<prestacion id="890244" nombre="Consulta De Primera Vez Por Especialista En Endocrinologia"/>	
		<autorizacion codigo="AP12381" idEPS="" desEPS=""/>	
		<noAsistencia id="" nombre=""/>	
		<cancelacion id="10" nombre="Cambio de agenda"/>	
	</cita>
</paciente>	
<paciente id="14617753">
	<cita id="2061" ubicacion="Consultorio 401" duracion="30" fecha="20190615070000" ordenClinica="9641" flagPrivado="NO" telefono="" email="">
		<estado id="booked" nombre="Asignada"/>
		<centro id="11100130296-10" nombre="U.D.S 36 Asuncion Bochica"/>
		<servicio id="301" nombre="Endocrinologia"/>
		<agenda id="301" nombre="Endocrinologia"/>
		<profesional id="7000029" tipoId="CC" nombre1="Carlos" nombre2="" apellido1="Mesa" apellido2=""/>
		<prestacion id="890244" nombre="Consulta De Primera Vez Por Especialista En Endocrinologia"/>	
		<autorizacion codigo="AP12381" idEPS="" desEPS=""/>	
		<noAsistencia id="" nombre=""/>	
		<cancelacion id="" nombre=""/>	
	</cita>
</paciente>
<paciente id="11223344">
	<cita id="2011" ubicacion="Consultorio 401" duracion="30" fecha="20190315070000" ordenClinica="9642" flagPrivado="NO" telefono="" email="">
		<estado id="cancelled" nombre="Cancelada"/>
		<centro id="1100130296-11" nombre="U.D.S 37 Pio XII"/>
		<servicio id="301" nombre="Endocrinologia"/>
		<agenda id="301" nombre="Endocrinologia"/>
		<profesional id="7000029" tipoId="CC" nombre1="Carlos" nombre2="" apellido1="Mesa" apellido2=""/>
		<prestacion id="890244" nombre="Consulta De Primera Vez Por Especialista En Endocrinologia"/>	
		<autorizacion codigo="AP12382" idEPS="" desEPS=""/>	
		<noAsistencia id="" nombre=""/>	
		<cancelacion id="10" nombre="Cambio de agenda"/>	
	</cita>
</paciente>	
<paciente id="11223344">
	<cita id="2062" ubicacion="Consultorio 401" duracion="30" fecha="20190615070000" ordenClinica="9642" flagPrivado="NO" telefono="" email="">
		<estado id="booked" nombre="Asignada"/>
		<centro id="11100130296-11" nombre="U.D.S 37 Pio XII"/>
		<servicio id="301" nombre="Endocrinologia"/>
		<agenda id="301" nombre="Endocrinologia"/>
		<profesional id="7000029" tipoId="CC" nombre1="Carlos" nombre2="" apellido1="Mesa" apellido2=""/>
		<prestacion id="890244" nombre="Consulta De Primera Vez Por Especialista En Endocrinologia"/>	
		<autorizacion codigo="AP12382" idEPS="" desEPS=""/>	
		<noAsistencia id="" nombre=""/>	
		<cancelacion id="" nombre=""/>	
	</cita>
</paciente>
<paciente id="95000420">
	<cita id="2012" ubicacion="Consultorio 401" duracion="30" fecha="20190315070000" ordenClinica="9643" flagPrivado="NO" telefono="" email="">
		<estado id="cancelled" nombre="Cancelada"/>
		<centro id="1100130296-12" nombre="U.D.S 50 Mexicana"/>
		<servicio id="301" nombre="Endocrinologia"/>
		<agenda id="301" nombre="Endocrinologia"/>
		<profesional id="7000029" tipoId="CC" nombre1="Carlos" nombre2="" apellido1="Mesa" apellido2=""/>
		<prestacion id="890244" nombre="Consulta De Primera Vez Por Especialista En Endocrinologia"/>	
		<autorizacion codigo="AP12383" idEPS="" desEPS=""/>	
		<noAsistencia id="" nombre=""/>	
		<cancelacion id="10" nombre="Cambio de agenda"/>	
	</cita>
</paciente>	
<paciente id="95000420">
	<cita id="2063" ubicacion="Consultorio 401" duracion="30" fecha="20190615070000" ordenClinica="9643" flagPrivado="NO" telefono="" email="">
		<estado id="booked" nombre="Asignada"/>
		<centro id="11100130296-12" nombre="U.D.S 50 Mexicana"/>
		<servicio id="301" nombre="Endocrinologia"/>
		<agenda id="301" nombre="Endocrinologia"/>
		<profesional id="7000029" tipoId="CC" nombre1="Carlos" nombre2="" apellido1="Mesa" apellido2=""/>
		<prestacion id="890244" nombre="Consulta De Primera Vez Por Especialista En Endocrinologia"/>	
		<autorizacion codigo="AP12383" idEPS="" desEPS=""/>	
		<noAsistencia id="" nombre=""/>	
		<cancelacion id="" nombre=""/>	
	</cita>
</paciente>
<paciente id="50174098">
	<cita id="2013" ubicacion="Consultorio 401" duracion="30" fecha="20190315070000" ordenClinica="9644" flagPrivado="NO" telefono="" email="">
		<estado id="cancelled" nombre="Cancelada"/>
		<centro id="1100130296-13" nombre="U.D.S 60 Vision De Colombia"/>
		<servicio id="301" nombre="Endocrinologia"/>
		<agenda id="301" nombre="Endocrinologia"/>
		<profesional id="7000029" tipoId="CC" nombre1="Carlos" nombre2="" apellido1="Mesa" apellido2=""/>
		<prestacion id="890244" nombre="Consulta De Primera Vez Por Especialista En Endocrinologia"/>	
		<autorizacion codigo="AP12384" idEPS="" desEPS=""/>	
		<noAsistencia id="" nombre=""/>	
		<cancelacion id="10" nombre="Cambio de agenda"/>	
	</cita>
</paciente>	
<paciente id="50174098">
	<cita id="2064" ubicacion="Consultorio 401" duracion="30" fecha="20190615070000" ordenClinica="9644" flagPrivado="NO" telefono="" email="">
		<estado id="booked" nombre="Asignada"/>
		<centro id="11100130296-13" nombre="U.D.S 60 Vision De Colombia"/>
		<servicio id="301" nombre="Endocrinologia"/>
		<agenda id="301" nombre="Endocrinologia"/>
		<profesional id="7000029" tipoId="CC" nombre1="Carlos" nombre2="" apellido1="Mesa" apellido2=""/>
		<prestacion id="890244" nombre="Consulta De Primera Vez Por Especialista En Endocrinologia"/>	
		<autorizacion codigo="AP12384" idEPS="" desEPS=""/>	
		<noAsistencia id="" nombre=""/>	
		<cancelacion id="" nombre=""/>	
	</cita>
</paciente>
<paciente id="80005066">
	<cita id="2014" ubicacion="Consultorio 401" duracion="30" fecha="20190315070000" ordenClinica="9645" flagPrivado="NO" telefono="" email="">
		<estado id="cancelled" nombre="Cancelada"/>
		<centro id="1100130296-14" nombre="U.D.S 63 Alqueria"/>
		<servicio id="301" nombre="Endocrinologia"/>
		<agenda id="301" nombre="Endocrinologia"/>
		<profesional id="7000029" tipoId="CC" nombre1="Carlos" nombre2="" apellido1="Mesa" apellido2=""/>
		<prestacion id="890244" nombre="Consulta De Primera Vez Por Especialista En Endocrinologia"/>	
		<autorizacion codigo="AP12385" idEPS="" desEPS=""/>	
		<noAsistencia id="" nombre=""/>	
		<cancelacion id="10" nombre="Cambio de agenda"/>	
	</cita>
</paciente>	
<paciente id="80005066">
	<cita id="2065" ubicacion="Consultorio 401" duracion="30" fecha="20190615070000" ordenClinica="9645" flagPrivado="NO" telefono="" email="">
		<estado id="booked" nombre="Asignada"/>
		<centro id="11100130296-14" nombre="U.D.S 63 Alqueria"/>
		<servicio id="301" nombre="Endocrinologia"/>
		<agenda id="301" nombre="Endocrinologia"/>
		<profesional id="7000029" tipoId="CC" nombre1="Carlos" nombre2="" apellido1="Mesa" apellido2=""/>
		<prestacion id="890244" nombre="Consulta De Primera Vez Por Especialista En Endocrinologia"/>	
		<autorizacion codigo="AP12385" idEPS="" desEPS=""/>	
		<noAsistencia id="" nombre=""/>	
		<cancelacion id="" nombre=""/>	
	</cita>
</paciente>
<paciente id="13502581">
	<cita id="2015" ubicacion="Consultorio 401" duracion="30" fecha="20190315070000" ordenClinica="9646" flagPrivado="NO" telefono="" email="">
		<estado id="cancelled" nombre="Cancelada"/>
		<centro id="1100130296-15" nombre="U.D.S 65 Dindalito"/>
		<servicio id="301" nombre="Endocrinologia"/>
		<agenda id="301" nombre="Endocrinologia"/>
		<profesional id="7000029" tipoId="CC" nombre1="Carlos" nombre2="" apellido1="Mesa" apellido2=""/>
		<prestacion id="890244" nombre="Consulta De Primera Vez Por Especialista En Endocrinologia"/>	
		<autorizacion codigo="AP12386" idEPS="" desEPS=""/>	
		<noAsistencia id="" nombre=""/>	
		<cancelacion id="10" nombre="Cambio de agenda"/>	
	</cita>
</paciente>	
<paciente id="13502581">
	<cita id="2066" ubicacion="Consultorio 401" duracion="30" fecha="20190615070000" ordenClinica="9646" flagPrivado="NO" telefono="" email="">
		<estado id="booked" nombre="Asignada"/>
		<centro id="11100130296-15" nombre="U.D.S 65 Dindalito"/>
		<servicio id="301" nombre="Endocrinologia"/>
		<agenda id="301" nombre="Endocrinologia"/>
		<profesional id="7000029" tipoId="CC" nombre1="Carlos" nombre2="" apellido1="Mesa" apellido2=""/>
		<prestacion id="890244" nombre="Consulta De Primera Vez Por Especialista En Endocrinologia"/>	
		<autorizacion codigo="AP12386" idEPS="" desEPS=""/>	
		<noAsistencia id="" nombre=""/>	
		<cancelacion id="" nombre=""/>	
	</cita>
</paciente>
<paciente id="29854145">
	<cita id="2016" ubicacion="Consultorio 401" duracion="30" fecha="20190315070000" ordenClinica="9647" flagPrivado="NO" telefono="" email="">
		<estado id="cancelled" nombre="Cancelada"/>
		<centro id="1100130296-16" nombre="U.D.S 68 Britalia"/>
		<servicio id="301" nombre="Endocrinologia"/>
		<agenda id="301" nombre="Endocrinologia"/>
		<profesional id="7000029" tipoId="CC" nombre1="Carlos" nombre2="" apellido1="Mesa" apellido2=""/>
		<prestacion id="890244" nombre="Consulta De Primera Vez Por Especialista En Endocrinologia"/>	
		<autorizacion codigo="AP12387" idEPS="" desEPS=""/>	
		<noAsistencia id="" nombre=""/>	
		<cancelacion id="10" nombre="Cambio de agenda"/>	
	</cita>
</paciente>	
<paciente id="29854145">
	<cita id="2067" ubicacion="Consultorio 401" duracion="30" fecha="20190615070000" ordenClinica="9647" flagPrivado="NO" telefono="" email="">
		<estado id="booked" nombre="Asignada"/>
		<centro id="11100130296-16" nombre="U.D.S 68 Britalia"/>
		<servicio id="301" nombre="Endocrinologia"/>
		<agenda id="301" nombre="Endocrinologia"/>
		<profesional id="7000029" tipoId="CC" nombre1="Carlos" nombre2="" apellido1="Mesa" apellido2=""/>
		<prestacion id="890244" nombre="Consulta De Primera Vez Por Especialista En Endocrinologia"/>	
		<autorizacion codigo="AP12387" idEPS="" desEPS=""/>	
		<noAsistencia id="" nombre=""/>	
		<cancelacion id="" nombre=""/>	
	</cita>
</paciente>
<paciente id="10200004">
	<cita id="2017" ubicacion="Consultorio 401" duracion="30" fecha="20190315070000" ordenClinica="9648" flagPrivado="NO" telefono="" email="">
		<estado id="cancelled" nombre="Cancelada"/>
		<centro id="1100130296-17" nombre="U.D.S 72 Argelia"/>
		<servicio id="301" nombre="Endocrinologia"/>
		<agenda id="301" nombre="Endocrinologia"/>
		<profesional id="7000029" tipoId="CC" nombre1="Carlos" nombre2="" apellido1="Mesa" apellido2=""/>
		<prestacion id="890244" nombre="Consulta De Primera Vez Por Especialista En Endocrinologia"/>	
		<autorizacion codigo="AP12388" idEPS="" desEPS=""/>	
		<noAsistencia id="" nombre=""/>	
		<cancelacion id="10" nombre="Cambio de agenda"/>	
	</cita>
</paciente>	
<paciente id="10200004">
	<cita id="2068" ubicacion="Consultorio 401" duracion="30" fecha="20190615070000" ordenClinica="9648" flagPrivado="NO" telefono="" email="">
		<estado id="booked" nombre="Asignada"/>
		<centro id="11100130296-17" nombre="U.D.S 72 Argelia"/>
		<servicio id="301" nombre="Endocrinologia"/>
		<agenda id="301" nombre="Endocrinologia"/>
		<profesional id="7000029" tipoId="CC" nombre1="Carlos" nombre2="" apellido1="Mesa" apellido2=""/>
		<prestacion id="890244" nombre="Consulta De Primera Vez Por Especialista En Endocrinologia"/>	
		<autorizacion codigo="AP12388" idEPS="" desEPS=""/>	
		<noAsistencia id="" nombre=""/>	
		<cancelacion id="" nombre=""/>	
	</cita>
</paciente>
</subred>