<?xml version="1.0" encoding="UTF-8"?>
<subred id="1100130294" nombre="Subred  Sur ESE">
<!--error nack="AR" code="Error01" name="Mensaje Rechazado por estructura"/-->
<!--error nack="AE" code="Error05" name="Error interno HIS"/-->
<error nack="AE" code="Error05" name="Error interno HIS"/>
	<cita id="5121" ubicacion="Consultorio 401" duracion="30" fecha="20190406103000" telefono="7111111" email="">
		<estado id="fulfilled" nombre="fulfilled"/>booked
		<centro id="1100130291-1" nombre="U.D.S Simón Bolívar"/>
		<servicio id="302" nombre="Cardiología"/>
		<agenda id="1001" nombre="Dra xxx"/>
		<prestacion id="890228" nombre="Consulta De Primera Vez Por Especialista En Cardiología"/>	
	</cita>
	<cita id="5121" ubicacion="Consultorio 401" duracion="30" fecha="20190406103000" telefono="7111111" email="">
		<estado id="fulfilled" nombre="fulfilled"/>booked
		<centro id="1100130291-1" nombre="U.D.S Simón Bolívar"/>
		<servicio id="302" nombre="Cardiología"/>
		<agenda id="1001" nombre="Dra xxx"/>
		<prestacion id="890228" nombre="Consulta De Primera Vez Por Especialista En Cardiología"/>	
	</cita>	
	<cita id="5121" ubicacion="Consultorio 401" duracion="30" fecha="20190406103000" telefono="7111111" email="">
		<estado id="fulfilled" nombre="fulfilled"/>booked
		<centro id="1100130291-1" nombre="U.D.S Simón Bolívar"/>
		<servicio id="302" nombre="Cardiología"/>
		<agenda id="1001" nombre="Dra xxx"/>
		<prestacion id="890228" nombre="Consulta De Primera Vez Por Especialista En Cardiología"/>	
	</cita>
</subred>