<?xml version="1.0" encoding="UTF-8"?>
<subred id="1100130289" nombre="Subred Centro Oriente E.S.E.">
<!--error nack="AR" code="Error01" name="Mensaje Rechazado por estructura "/-->
<!--error nack="AE" code="Error05" name="Error interno HIS"/-->
	<cita id="5121" ubicacion="Consultorio 401" duracion="30" fecha="20190420103000" telefono="315542913074" email="camtiriat@gmail.com">
		<estado id="fulfilled" nombre="booked"/>
		<centro id="1100130291-1" nombre="U.D.S Simón Bolívar"/>
		<servicio id="302" nombre="Cardiología"/>
		<agenda id="1001" nombre="Dra xxx"/>
		<prestacion id="890228" nombre="Consulta De Primera Vez Por Especialista En Cardiología"/>	
	</cita>
	<cita id="5121" ubicacion="Consultorio 401" duracion="30" fecha="20190406103000" telefono="1234567890" email="test1@gmail.com">
		<estado id="fulfilled" nombre="booked"/>
		<centro id="1100130291-1" nombre="U.D.S Simón Bolívar"/>
		<servicio id="302" nombre="Cardiología"/>
		<agenda id="1001" nombre="Dra xxx"/>
		<prestacion id="890228" nombre="Consulta De Primera Vez Por Especialista En Cardiología"/>	
	</cita>	
	<cita id="5121" ubicacion="Consultorio 401" duracion="30" fecha="20190406103000" telefono="1234567890" email="test1@gmail.com">
		<estado id="fulfilled" nombre="booked"/>
		<centro id="1100130291-1" nombre="U.D.S Simón Bolívar"/>
		<servicio id="302" nombre="Cardiología"/>
		<agenda id="1001" nombre="Dra xxx"/>
		<prestacion id="890228" nombre="Consulta De Primera Vez Por Especialista En Cardiología"/>	
	</cita>
	<cita id="2050" ubicacion="Consultorio 401" duracion="30" fecha="20190615070000" telefono="3177193138" email="ayperezg@indracompany.com">
		<estado id="booked" nombre="Asignada"/>
		<centro id="1100130289-1" nombre="U.D.S Santa Clara"/>
		<servicio id="301" nombre="Endocrinologia"/>
		<agenda id="301" nombre="Endocrinologia"/>
		<prestacion id="890244" nombre="Consulta De Primera Vez Por Especialista En Endocrinologia"/>	
	</cita>
</subred>