<subred id="1100130291" nombre="Subred Norte ESE">
<!--error nack="AR" code="Error01" name="Mensaje Rechazado por estructura "/-->
<!--error nack="AE" code="Error05" name="Error interno HIS"/-->
<paciente id="99000444">
	<cita id="1509" ubicacion="consultorio 702" duracion="30" fecha="20190326090000" ordenClinica="" flagPrivado="NO" telefono="3103111111" email="">
		<estado id="fulfilled" nombre="Cumplida"/>
		<centro id="1100130291-21" nombre="U.D.S J.B Scalabrini"/>
		<servicio id="328" nombre="Medicina General"/>
		<agenda id="13001" nombre="Dra. Adriana salamanca"/>
		<profesional id="68520897" tipoId="CC" nombre1="Adriana" nombre2="" apellido1="Salamanca" apellido2=""/>
		<prestacion id="890201" nombre="Consulta De Primera Vez Por Medicina General"/>	
		<autorizacion codigo="" idEPS="" desEPS=""/>
		<noAsistencia id="" nombre=""/>	
		<cancelacion id="" nombre=""/>	
	</cita>	
</paciente>

<paciente id="79654321">
	<cita id="7121" ubicacion="Consultorio 401" duracion="30" fecha="20190401103000" ordenClinica="123456" flagPrivado="NO" telefono="7111111" email="">
		<estado id="fulfilled" nombre="Cumplida"/>booked
		<centro id="1100130291-1" nombre="U.D.S Simón Bolívar"/>
		<servicio id="302" nombre="Cardiología"/>
		<agenda id="1001" nombre="Dra xxx"/>
		<profesional id="52111224" tipoId="CC" nombre1="María" nombre2="Teresa" apellido1="Torres" apellido2="Caicedo"/>
		<prestacion id="890228" nombre="Consulta De Primera Vez Por Especialista En Cardiología"/>	
		<autorizacion codigo="890228" idEPS="" desEPS=""/>
		<noAsistencia id="" nombre=""/>	
		<cancelacion id="" nombre=""/>	
	</cita>
	<cita id="7122" ubicacion="Consultorio 401" duracion="30" fecha="20190421103000" ordenClinica="123457" flagPrivado="NO" telefono="" email="">
		<estado id="booked" nombre="booked"/>		
		<centro id="1100130291-1" nombre="U.D.S Simón Bolívar"/>
		<servicio id="302" nombre="Cardiología"/>
		<agenda id="1001" nombre="Dra xxx"/>
		<profesional id="52111224" tipoId="CC" nombre1="María" nombre2="Teresa" apellido1="Torres" apellido2="Caicedo"/>
		<prestacion id="890228" nombre="Consulta De Primera Vez Por Especialista En Cardiología"/>	
		<autorizacion codigo="890228" idEPS="" desEPS=""/>	
		<noAsistencia id="" nombre=""/>	
		<cancelacion id="" nombre=""/>
	</cita>		
</paciente>
<paciente id="79333222">
	<cita id="7123" ubicacion="Consultorio 401" duracion="30" fecha="20190421103000" ordenClinica="123458" flagPrivado="NO" telefono="" email="pepito@dominio.com">
		<estado id="cancelled" nombre="cancelled"/>
		<centro id="1100130291-1" nombre="U.D.S Simón Bolívar"/>
		<servicio id="302" nombre="Cardiología"/>
		<agenda id="1001" nombre="Dra xxx"/>
		<profesional id="52111224" tipoId="CC" nombre1="María" nombre2="Teresa" apellido1="Torres" apellido2="Caicedo"/>
		<prestacion id="890228" nombre="Consulta De Primera Vez Por Especialista En Cardiología"/>	
		<autorizacion codigo="890228" idEPS="" desEPS=""/>	
		<noAsistencia id="" nombre=""/>	
		<cancelacion id="1" nombre="otros"/>	
	</cita>
</paciente>	
<paciente id="99000700">
	<cita id="71239" ubicacion="Consultorio 601" duracion="30" fecha="20190618133000" ordenClinica="98765" flagPrivado="NO" telefono="" email="pepito@dominio.com">
		<estado id="booked" nombre="booked"/>
		<centro id="1100130291-1" nombre="U.D.S Simón Bolívar"/>
		<servicio id="302" nombre="Cardiología"/>
		<agenda id="512121" nombre="Agenda Dra. Tellez  Caicedo"/>
		<profesional id="52111224" tipoId="CC" nombre1="Meri" nombre2="Teresa" apellido1="Tellez" apellido2="Caicedo"/>
		<prestacion id="890328" nombre="Consulta De Control y Seguimiento Por Especialista En Cardiología"/>	
		<autorizacion codigo="890228" idEPS="" desEPS=""/>	
		<noAsistencia id="" nombre=""/>	
		<cancelacion id="1" nombre="otros"/>	
	</cita>
</paciente>	
<!--inicio yura -->
<paciente id="81036104">
	<cita id="2018" ubicacion="Consultorio 401" duracion="30" fecha="20190315070000" ordenClinica="9649" flagPrivado="NO" telefono="" email="">
		<estado id="cancelled" nombre="Cancelada"/>
		<centro id="1100130291-1" nombre="U.D.S Simon Bolivar"/>
		<servicio id="301" nombre="Endocrinologia"/>
		<agenda id="301" nombre="Endocrinologia"/>
		<profesional id="7000029" tipoId="CC" nombre1="Carlos" nombre2="" apellido1="Mesa" apellido2=""/>
		<prestacion id="890244" nombre="Consulta De Primera Vez Por Especialista En Endocrinologia"/>	
		<autorizacion codigo="AP12389" idEPS="" desEPS=""/>	
		<noAsistencia id="" nombre=""/>	
		<cancelacion id="10" nombre="Cambio de agenda"/>	
	</cita>
</paciente>	
<paciente id="81036104">
	<cita id="2069" ubicacion="Consultorio 401" duracion="30" fecha="20190615070000" ordenClinica="9649" flagPrivado="NO" telefono="" email="">
		<estado id="booked" nombre="Asignada"/>
		<centro id="1100130291-1" nombre="U.D.S Simon Bolivar"/>
		<servicio id="301" nombre="Endocrinologia"/>
		<agenda id="301" nombre="Endocrinologia"/>
		<profesional id="7000029" tipoId="CC" nombre1="Carlos" nombre2="" apellido1="Mesa" apellido2=""/>
		<prestacion id="890244" nombre="Consulta De Primera Vez Por Especialista En Endocrinologia"/>	
		<autorizacion codigo="AP12389" idEPS="" desEPS=""/>	
		<noAsistencia id="" nombre=""/>	
		<cancelacion id="" nombre=""/>	
	</cita>
</paciente>	
<!--inicio yura -->
<paciente id="81036104">
	<cita id="2018" ubicacion="Consultorio 401" duracion="30" fecha="20190315070000" ordenClinica="9649" flagPrivado="NO" telefono="" email="">
		<estado id="cancelled" nombre="Cancelada"/>
		<centro id="1100130291-1" nombre="U.D.S Simon Bolivar"/>
		<servicio id="301" nombre="Endocrinologia"/>
		<agenda id="301" nombre="Endocrinologia"/>
		<profesional id="7000029" tipoId="CC" nombre1="Carlos" nombre2="" apellido1="Mesa" apellido2=""/>
		<prestacion id="890244" nombre="Consulta De Primera Vez Por Especialista En Endocrinologia"/>	
		<autorizacion codigo="AP12389" idEPS="" desEPS=""/>	
		<noAsistencia id="" nombre=""/>	
		<cancelacion id="10" nombre="Cambio de agenda"/>	
	</cita>
</paciente>	
<paciente id="81036104">
	<cita id="2069" ubicacion="Consultorio 401" duracion="30" fecha="20190615070000" ordenClinica="9649" flagPrivado="NO" telefono="" email="">
		<estado id="booked" nombre="Asignada"/>
		<centro id="11100130291-1" nombre="U.D.S Simon Bolivar"/>
		<servicio id="301" nombre="Endocrinologia"/>
		<agenda id="301" nombre="Endocrinologia"/>
		<profesional id="7000029" tipoId="CC" nombre1="Carlos" nombre2="" apellido1="Mesa" apellido2=""/>
		<prestacion id="890244" nombre="Consulta De Primera Vez Por Especialista En Endocrinologia"/>	
		<autorizacion codigo="AP12389" idEPS="" desEPS=""/>	
		<noAsistencia id="" nombre=""/>	
		<cancelacion id="" nombre=""/>	
	</cita>
</paciente>
<paciente id="123654">
	<cita id="2019" ubicacion="Consultorio 401" duracion="30" fecha="20190315070000" ordenClinica="9650" flagPrivado="NO" telefono="" email="">
		<estado id="cancelled" nombre="Cancelada"/>
		<centro id="1100130291-10" nombre="U.D.S Bellavista"/>
		<servicio id="301" nombre="Endocrinologia"/>
		<agenda id="301" nombre="Endocrinologia"/>
		<profesional id="7000029" tipoId="CC" nombre1="Carlos" nombre2="" apellido1="Mesa" apellido2=""/>
		<prestacion id="890244" nombre="Consulta De Primera Vez Por Especialista En Endocrinologia"/>	
		<autorizacion codigo="AP12390" idEPS="" desEPS=""/>	
		<noAsistencia id="" nombre=""/>	
		<cancelacion id="10" nombre="Cambio de agenda"/>	
	</cita>
</paciente>	
<paciente id="123654">
	<cita id="2069" ubicacion="Consultorio 401" duracion="30" fecha="20190615070000" ordenClinica="9650" flagPrivado="NO" telefono="" email="">
		<estado id="booked" nombre="Asignada"/>
		<centro id="11100130291-10" nombre="U.D.S Bellavista"/>
		<servicio id="301" nombre="Endocrinologia"/>
		<agenda id="301" nombre="Endocrinologia"/>
		<profesional id="7000029" tipoId="CC" nombre1="Carlos" nombre2="" apellido1="Mesa" apellido2=""/>
		<prestacion id="890244" nombre="Consulta De Primera Vez Por Especialista En Endocrinologia"/>	
		<autorizacion codigo="AP12390" idEPS="" desEPS=""/>	
		<noAsistencia id="" nombre=""/>	
		<cancelacion id="" nombre=""/>	
	</cita>
</paciente>
<paciente id="78123456">
	<cita id="2020" ubicacion="Consultorio 401" duracion="30" fecha="20190315070000" ordenClinica="9651" flagPrivado="NO" telefono="" email="">
		<estado id="cancelled" nombre="Cancelada"/>
		<centro id="1100130291-11" nombre="U.D.S Minuto De Dios"/>
		<servicio id="301" nombre="Endocrinologia"/>
		<agenda id="301" nombre="Endocrinologia"/>
		<profesional id="7000029" tipoId="CC" nombre1="Carlos" nombre2="" apellido1="Mesa" apellido2=""/>
		<prestacion id="890244" nombre="Consulta De Primera Vez Por Especialista En Endocrinologia"/>	
		<autorizacion codigo="AP12391" idEPS="" desEPS=""/>	
		<noAsistencia id="" nombre=""/>	
		<cancelacion id="10" nombre="Cambio de agenda"/>	
	</cita>
</paciente>	
<paciente id="78123456">
	<cita id="2070" ubicacion="Consultorio 401" duracion="30" fecha="20190615070000" ordenClinica="9651" flagPrivado="NO" telefono="" email="">
		<estado id="booked" nombre="Asignada"/>
		<centro id="11100130291-11" nombre="U.D.S Minuto De Dios"/>
		<servicio id="301" nombre="Endocrinologia"/>
		<agenda id="301" nombre="Endocrinologia"/>
		<profesional id="7000029" tipoId="CC" nombre1="Carlos" nombre2="" apellido1="Mesa" apellido2=""/>
		<prestacion id="890244" nombre="Consulta De Primera Vez Por Especialista En Endocrinologia"/>	
		<autorizacion codigo="AP12391" idEPS="" desEPS=""/>	
		<noAsistencia id="" nombre=""/>	
		<cancelacion id="" nombre=""/>	
	</cita>
</paciente>
<paciente id="5644776">
	<cita id="2021" ubicacion="Consultorio 401" duracion="30" fecha="20190315070000" ordenClinica="9652" flagPrivado="NO" telefono="" email="">
		<estado id="cancelled" nombre="Cancelada"/>
		<centro id="1100130291-12" nombre="U.D.S Alamos"/>
		<servicio id="301" nombre="Endocrinologia"/>
		<agenda id="301" nombre="Endocrinologia"/>
		<profesional id="7000029" tipoId="CC" nombre1="Carlos" nombre2="" apellido1="Mesa" apellido2=""/>
		<prestacion id="890244" nombre="Consulta De Primera Vez Por Especialista En Endocrinologia"/>	
		<autorizacion codigo="AP12392" idEPS="" desEPS=""/>	
		<noAsistencia id="" nombre=""/>	
		<cancelacion id="10" nombre="Cambio de agenda"/>	
	</cita>
</paciente>	
<paciente id="5644776">
	<cita id="2071" ubicacion="Consultorio 401" duracion="30" fecha="20190615070000" ordenClinica="9652" flagPrivado="NO" telefono="" email="">
		<estado id="booked" nombre="Asignada"/>
		<centro id="11100130291-12" nombre="U.D.S Alamos"/>
		<servicio id="301" nombre="Endocrinologia"/>
		<agenda id="301" nombre="Endocrinologia"/>
		<profesional id="7000029" tipoId="CC" nombre1="Carlos" nombre2="" apellido1="Mesa" apellido2=""/>
		<prestacion id="890244" nombre="Consulta De Primera Vez Por Especialista En Endocrinologia"/>	
		<autorizacion codigo="AP12392" idEPS="" desEPS=""/>	
		<noAsistencia id="" nombre=""/>	
		<cancelacion id="" nombre=""/>	
	</cita>
</paciente>
<paciente id="91601293">
	<cita id="2022" ubicacion="Consultorio 401" duracion="30" fecha="20190315070000" ordenClinica="9653" flagPrivado="NO" telefono="" email="">
		<estado id="cancelled" nombre="Cancelada"/>
		<centro id="1100130291-13" nombre="U.D.S Española"/>
		<servicio id="301" nombre="Endocrinologia"/>
		<agenda id="301" nombre="Endocrinologia"/>
		<profesional id="7000029" tipoId="CC" nombre1="Carlos" nombre2="" apellido1="Mesa" apellido2=""/>
		<prestacion id="890244" nombre="Consulta De Primera Vez Por Especialista En Endocrinologia"/>	
		<autorizacion codigo="AP12393" idEPS="" desEPS=""/>	
		<noAsistencia id="" nombre=""/>	
		<cancelacion id="10" nombre="Cambio de agenda"/>	
	</cita>
</paciente>	
<paciente id="91601293">
	<cita id="2072" ubicacion="Consultorio 401" duracion="30" fecha="20190615070000" ordenClinica="9653" flagPrivado="NO" telefono="" email="">
		<estado id="booked" nombre="Asignada"/>
		<centro id="11100130291-13" nombre="U.D.S Española"/>
		<servicio id="301" nombre="Endocrinologia"/>
		<agenda id="301" nombre="Endocrinologia"/>
		<profesional id="7000029" tipoId="CC" nombre1="Carlos" nombre2="" apellido1="Mesa" apellido2=""/>
		<prestacion id="890244" nombre="Consulta De Primera Vez Por Especialista En Endocrinologia"/>	
		<autorizacion codigo="AP12393" idEPS="" desEPS=""/>	
		<noAsistencia id="" nombre=""/>	
		<cancelacion id="" nombre=""/>	
	</cita>
</paciente>
<paciente id="1116067482">
	<cita id="2023" ubicacion="Consultorio 401" duracion="30" fecha="20190315070000" ordenClinica="9654" flagPrivado="NO" telefono="" email="">
		<estado id="cancelled" nombre="Cancelada"/>
		<centro id="1100130291-14" nombre="U.D.S Ct Serv Especializado"/>
		<servicio id="301" nombre="Endocrinologia"/>
		<agenda id="301" nombre="Endocrinologia"/>
		<profesional id="7000029" tipoId="CC" nombre1="Carlos" nombre2="" apellido1="Mesa" apellido2=""/>
		<prestacion id="890244" nombre="Consulta De Primera Vez Por Especialista En Endocrinologia"/>	
		<autorizacion codigo="AP12394" idEPS="" desEPS=""/>	
		<noAsistencia id="" nombre=""/>	
		<cancelacion id="10" nombre="Cambio de agenda"/>	
	</cita>
</paciente>	
<paciente id="1116067482">
	<cita id="2073" ubicacion="Consultorio 401" duracion="30" fecha="20190615070000" ordenClinica="9654" flagPrivado="NO" telefono="" email="">
		<estado id="booked" nombre="Asignada"/>
		<centro id="11100130291-14" nombre="U.D.S Ct Serv Especializado"/>
		<servicio id="301" nombre="Endocrinologia"/>
		<agenda id="301" nombre="Endocrinologia"/>
		<profesional id="7000029" tipoId="CC" nombre1="Carlos" nombre2="" apellido1="Mesa" apellido2=""/>
		<prestacion id="890244" nombre="Consulta De Primera Vez Por Especialista En Endocrinologia"/>	
		<autorizacion codigo="AP12394" idEPS="" desEPS=""/>	
		<noAsistencia id="" nombre=""/>	
		<cancelacion id="" nombre=""/>	
	</cita>
</paciente>
<paciente id="93000500">
	<cita id="2024" ubicacion="Consultorio 401" duracion="30" fecha="20190315070000" ordenClinica="9655" flagPrivado="NO" telefono="" email="">
		<estado id="cancelled" nombre="Cancelada"/>
		<centro id="1100130291-15" nombre="U.D.S Suba"/>
		<servicio id="301" nombre="Endocrinologia"/>
		<agenda id="301" nombre="Endocrinologia"/>
		<profesional id="7000029" tipoId="CC" nombre1="Carlos" nombre2="" apellido1="Mesa" apellido2=""/>
		<prestacion id="890244" nombre="Consulta De Primera Vez Por Especialista En Endocrinologia"/>	
		<autorizacion codigo="AP12395" idEPS="" desEPS=""/>	
		<noAsistencia id="" nombre=""/>	
		<cancelacion id="10" nombre="Cambio de agenda"/>	
	</cita>
</paciente>	
<paciente id="93000500">
	<cita id="2074" ubicacion="Consultorio 401" duracion="30" fecha="20190615070000" ordenClinica="9655" flagPrivado="NO" telefono="" email="">
		<estado id="booked" nombre="Asignada"/>
		<centro id="11100130291-15" nombre="U.D.S Suba"/>
		<servicio id="301" nombre="Endocrinologia"/>
		<agenda id="301" nombre="Endocrinologia"/>
		<profesional id="7000029" tipoId="CC" nombre1="Carlos" nombre2="" apellido1="Mesa" apellido2=""/>
		<prestacion id="890244" nombre="Consulta De Primera Vez Por Especialista En Endocrinologia"/>	
		<autorizacion codigo="AP12395" idEPS="" desEPS=""/>	
		<noAsistencia id="" nombre=""/>	
		<cancelacion id="" nombre=""/>	
	</cita>
</paciente>
<paciente id="95000103">
	<cita id="2025" ubicacion="Consultorio 401" duracion="30" fecha="20190315070000" ordenClinica="9656" flagPrivado="NO" telefono="" email="">
		<estado id="cancelled" nombre="Cancelada"/>
		<centro id="1100130291-16" nombre="U.D.S Gaitana I"/>
		<servicio id="301" nombre="Endocrinologia"/>
		<agenda id="301" nombre="Endocrinologia"/>
		<profesional id="7000029" tipoId="CC" nombre1="Carlos" nombre2="" apellido1="Mesa" apellido2=""/>
		<prestacion id="890244" nombre="Consulta De Primera Vez Por Especialista En Endocrinologia"/>	
		<autorizacion codigo="AP12396" idEPS="" desEPS=""/>	
		<noAsistencia id="" nombre=""/>	
		<cancelacion id="10" nombre="Cambio de agenda"/>	
	</cita>
</paciente>	
<paciente id="95000103">
	<cita id="2075" ubicacion="Consultorio 401" duracion="30" fecha="20190615070000" ordenClinica="9656" flagPrivado="NO" telefono="" email="">
		<estado id="booked" nombre="Asignada"/>
		<centro id="11100130291-16" nombre="U.D.S Gaitana I"/>
		<servicio id="301" nombre="Endocrinologia"/>
		<agenda id="301" nombre="Endocrinologia"/>
		<profesional id="7000029" tipoId="CC" nombre1="Carlos" nombre2="" apellido1="Mesa" apellido2=""/>
		<prestacion id="890244" nombre="Consulta De Primera Vez Por Especialista En Endocrinologia"/>	
		<autorizacion codigo="AP12396" idEPS="" desEPS=""/>	
		<noAsistencia id="" nombre=""/>	
		<cancelacion id="" nombre=""/>	
	</cita>
</paciente>
<paciente id="99000236">
	<cita id="2026" ubicacion="Consultorio 401" duracion="30" fecha="20190315070000" ordenClinica="9657" flagPrivado="NO" telefono="" email="">
		<estado id="cancelled" nombre="Cancelada"/>
		<centro id="1100130291-17" nombre="U.D.S Prado Veraniego"/>
		<servicio id="301" nombre="Endocrinologia"/>
		<agenda id="301" nombre="Endocrinologia"/>
		<profesional id="7000029" tipoId="CC" nombre1="Carlos" nombre2="" apellido1="Mesa" apellido2=""/>
		<prestacion id="890244" nombre="Consulta De Primera Vez Por Especialista En Endocrinologia"/>	
		<autorizacion codigo="AP12397" idEPS="" desEPS=""/>	
		<noAsistencia id="" nombre=""/>	
		<cancelacion id="10" nombre="Cambio de agenda"/>	
	</cita>
</paciente>	
<paciente id="99000236">
	<cita id="2076" ubicacion="Consultorio 401" duracion="30" fecha="20190615070000" ordenClinica="9657" flagPrivado="NO" telefono="" email="">
		<estado id="booked" nombre="Asignada"/>
		<centro id="11100130291-17" nombre="U.D.S Prado Veraniego"/>
		<servicio id="301" nombre="Endocrinologia"/>
		<agenda id="301" nombre="Endocrinologia"/>
		<profesional id="7000029" tipoId="CC" nombre1="Carlos" nombre2="" apellido1="Mesa" apellido2=""/>
		<prestacion id="890244" nombre="Consulta De Primera Vez Por Especialista En Endocrinologia"/>	
		<autorizacion codigo="AP12397" idEPS="" desEPS=""/>	
		<noAsistencia id="" nombre=""/>	
		<cancelacion id="" nombre=""/>	
	</cita>
</paciente>
</subred>