<subred id="1100130294" nombre="Subred  Sur ESE">
<!--error nack="AR" code="Error01" name="Mensaje Rechazado por estructura "/-->
<!--error nack="AE" code="Error05" name="Error interno del HIS."/-->52754894 
<paciente id="99000444">
	<cita id="2509" ubicacion="consultorio 302" duracion="30" fecha="20190608110000" ordenClinica="" flagPrivado="NO" telefono="3103111111" email="">
		<estado id="fulfilled" nombre="Cumplida"/>
		<centro id="1100130294-19" nombre="U.D.S Sierra Morena"/>
		<servicio id="329" nombre="Medicina Interna"/>
		<agenda id="33001" nombre="Dra. Alba Perez"/>
		<profesional id="68520897" tipoId="CC" nombre1="alba" nombre2="" apellido1="Perez" apellido2=""/>
		<prestacion id="890266" nombre="Consulta De Primera Vez Por Especialista En Medicina Interna"/>	
		<autorizacion codigo="ASD25729" idEPS="EPSC34" desEPS="Capital Salud"/>
		<noAsistencia id="" nombre=""/>	
		<cancelacion id="" nombre=""/>	
	</cita>	
	<cita id="3508" ubicacion="consultorio 101" duracion="30" fecha="20190516130000" ordenClinica="968" flagPrivado="NO" telefono="3103111111" email="">
		<estado id="fulfilled" nombre="Cumplida"/>
		<centro id="1100130294-19" nombre="U.D.S Sierra Morena"/>
		<servicio id="310" nombre="Endocrinologia"/>
		<agenda id="43001" nombre="Dr. Javier Castellanos"/>
		<profesional id="68520897" tipoId="CC" nombre1="Javier" nombre2="" apellido1="Castellanos" apellido2=""/>
		<prestacion id="890244" nombre="Consulta De Primera Vez Por Especialista En Endocrinologia"/>	
		<autorizacion codigo="ASD25729" idEPS="EPSC34" desEPS="Capital Salud"/>
		<noAsistencia id="" nombre=""/>	
		<cancelacion id="" nombre=""/>	
	</cita>		
</paciente>
<paciente id="65781595">52754894-1
	<cita id="8121" ubicacion="Consultorio 401" duracion="30" fecha="20190702103000" ordenClinica="123456" flagPrivado="NO" telefono="7111111" email="">
		<estado id="booked" nombre="booked"/>
		<centro id="1100130291-1" nombre="U.D.S Simón Bolívar"/>
		<servicio id="328" nombre="Medicina General"/>
		<agenda id="10012" nombre="Agenda Medicina General"/>
		<profesional id="52333178" tipoId="CC" nombre1="Luis" nombre2="Mariano" apellido1="Cortijos" apellido2="Mohedano"/>
		<prestacion id="890201" nombre="Consulta De Primera Vez Por Medicina General"/>	
		<autorizacion codigo="890228" idEPS="" desEPS=""/>
		<noAsistencia id="" nombre=""/>	
		<cancelacion id="" nombre=""/>	
	</cita>
	<cita id="8122" ubicacion="Consultorio 401" duracion="30" fecha="20190622103000" ordenClinica="123457" flagPrivado="NO" telefono="" email="">
		<estado id="booked" nombre="booked"/>		
		<centro id="1100130291-1" nombre="U.D.S Simón Bolívar"/>
		<servicio id="328" nombre="Medicina General"/>
		<agenda id="10012" nombre="Agenda Medicina General"/>
		<profesional id="52333178" tipoId="CC" nombre1="Luis" nombre2="Mariano" apellido1="Cortijos" apellido2="Mohedano"/>
		<prestacion id="890201" nombre="Consulta De Primera Vez Por Medicina General"/>	
		<autorizacion codigo="890228" idEPS="" desEPS=""/>	
		<noAsistencia id="" nombre=""/>	
		<cancelacion id="" nombre=""/>
	</cita>		
</paciente>
<paciente id="50515151">
	<cita id="8121" ubicacion="Consultorio 401" duracion="30" fecha="20190402103000" ordenClinica="123456" flagPrivado="NO" telefono="7111111" email="">
		<estado id="fulfilled" nombre="fulfilled"/>booked
		<centro id="1100130291-1" nombre="U.D.S Simón Bolívar"/>
		<servicio id="302" nombre="Cardiología"/>
		<agenda id="1001" nombre="Dra xxx"/>
		<profesional id="52111224" tipoId="CC" nombre1="María" nombre2="Teresa" apellido1="Torres" apellido2="Caicedo"/>
		<prestacion id="890228" nombre="Consulta De Primera Vez Por Especialista En Cardiología"/>	
		<autorizacion codigo="890228" idEPS="" desEPS=""/>
		<noAsistencia id="" nombre=""/>	
		<cancelacion id="" nombre=""/>	
	</cita>
	<cita id="8122" ubicacion="Consultorio 401" duracion="30" fecha="20190422103000" ordenClinica="123457" flagPrivado="NO" telefono="" email="">
		<estado id="booked" nombre="booked"/>		
		<centro id="1100130291-1" nombre="U.D.S Simón Bolívar"/>
		<servicio id="302" nombre="Cardiología"/>
		<agenda id="1001" nombre="Dra xxx"/>
		<profesional id="52111224" tipoId="CC" nombre1="María" nombre2="Teresa" apellido1="Torres" apellido2="Caicedo"/>
		<prestacion id="890228" nombre="Consulta De Primera Vez Por Especialista En Cardiología"/>	
		<autorizacion codigo="890228" idEPS="" desEPS=""/>	
		<noAsistencia id="" nombre=""/>	
		<cancelacion id="" nombre=""/>
	</cita>		
</paciente>
<paciente id="79333222">
	<cita id="8123" ubicacion="Consultorio 401" duracion="30" fecha="20190421103000" ordenClinica="123458" flagPrivado="NO" telefono="" email="pepito@dominio.com">
		<estado id="cancelled" nombre="cancelled"/>
		<centro id="1100130291-1" nombre="U.D.S Simón Bolívar"/>
		<servicio id="302" nombre="Cardiología"/>
		<agenda id="1001" nombre="Dra xxx"/>
		<profesional id="52111224" tipoId="CC" nombre1="María" nombre2="Teresa" apellido1="Torres" apellido2="Caicedo"/>
		<prestacion id="890228" nombre="Consulta De Primera Vez Por Especialista En Cardiología"/>	
		<autorizacion codigo="890228" idEPS="" desEPS=""/>	
		<noAsistencia id="" nombre=""/>	
		<cancelacion id="1" nombre="otros"/>	
	</cita>
</paciente>	
<paciente id="99000700">
	<cita id="9900363" ubicacion="Consultorio 401" duracion="30" fecha="20190429113000" ordenClinica="123457" flagPrivado="NO" telefono="7111111" email="">
		<estado id="booked" nombre="booked"/>booked
		<centro id="1100130294-3" nombre="U.D.S Meissen Ambulatorio"/>
		<servicio id="328" nombre="Medicina General"/>
		<agenda id="10012" nombre="Agenda Medicina General"/>
		<profesional id="52333178" tipoId="CC" nombre1="Luis" nombre2="Mariano" apellido1="Cortijos" apellido2="Mohedano"/>
		<prestacion id="890201" nombre="Consulta De Primera Vez Por Medicina General"/>	
		<autorizacion codigo="890228" idEPS="" desEPS=""/>
		<noAsistencia id="" nombre=""/>	
		<cancelacion id="" nombre=""/>	
	</cita>
	<!--cita id="99004" ubicacion="Consultorio 401" duracion="30" fecha="20190427083000" ordenClinica="123457" flagPrivado="NO" telefono="" email="">
		<estado id="booked" nombre="booked"/>		
		<centro id="1100130291-28" nombre="U.D.S Buena Vista "/>
		<servicio id="302" nombre="Cardiología"/>
		<agenda id="1001" nombre="Cardiología"/>
		<profesional id="52111224" tipoId="CC" nombre1="Juan" nombre2="Andres" apellido1="Torres" apellido2="Caicedo"/>
		<prestacion id="890228" nombre="Consulta De Primera Vez Por Especialista En Cardiología"/>	
		<autorizacion codigo="890228" idEPS="" desEPS=""/>	
		<noAsistencia id="" nombre=""/>	
		<cancelacion id="" nombre=""/>
	</cita-->		
</paciente>
<paciente id="65781595">
	<cita id="990045" ubicacion="Consultorio 401" duracion="30" fecha="20190429113000" ordenClinica="123457" flagPrivado="NO" telefono="7111111" email="">
		<estado id="booked" nombre="booked"/>booked
		<centro id="1100130291-1" nombre="U.D.S Simón Bolívar"/>
		<servicio id="328" nombre="Medicina General"/>
		<agenda id="1001" nombre="Medicina General"/>
		<profesional id="52111224" tipoId="CC" nombre1="María" nombre2="Teresa" apellido1="Torres" apellido2="Caicedo"/>
		<prestacion id="890201" nombre="Consulta De Primera Vez Por Medicina General"/>	
		<autorizacion codigo="890228" idEPS="" desEPS=""/>
		<noAsistencia id="" nombre=""/>	
		<cancelacion id="" nombre=""/>	
	</cita>
	<cita id="990046" ubicacion="Consultorio 401" duracion="30" fecha="20190427083000" ordenClinica="123457" flagPrivado="NO" telefono="" email="">
		<estado id="booked" nombre="booked"/>		
		<centro id="1100130291-28" nombre="U.D.S Buena Vista"/>
		<servicio id="302" nombre="Cardiología"/>
		<agenda id="1001" nombre="Cardiología"/>
		<profesional id="52111224" tipoId="CC" nombre1="Juan" nombre2="Andres" apellido1="Torres" apellido2="Caicedo"/>
		<prestacion id="890228" nombre="Consulta De Primera Vez Por Especialista En Cardiología"/>	
		<autorizacion codigo="890228" idEPS="" desEPS=""/>	
		<noAsistencia id="" nombre=""/>	
		<cancelacion id="" nombre=""/>
	</cita>		
	<cita id="667388" ubicacion="Consultorio 501" duracion="30" fecha="20190417120000" ordenClinica="123457" flagPrivado="NO" telefono="7111111" email="">
		<estado id="booked" nombre="booked"/>booked
		<centro id="1100130294-3" nombre="U.D.S Meissen Ambulatorio"/>
		<servicio id="328" nombre="Medicina General"/>
		<agenda id="1001" nombre="Medicina General"/>
		<profesional id="21054123" tipoId="CC" nombre1="María" nombre2="Victoria" apellido1="Consuelo" apellido2="Pérez"/>
		<prestacion id="890301" nombre="Consulta De Control O De Seguimiento Por Medicina General"/>	
		<autorizacion codigo="890228" idEPS="" desEPS=""/>
		<noAsistencia id="" nombre=""/>	
		<cancelacion id="" nombre=""/>	
	</cita>
	<cita id="9900377" ubicacion="Consultorio 401" duracion="30" fecha="20190529113000" ordenClinica="123457" flagPrivado="NO" telefono="7111111" email="">
		<estado id="booked" nombre="booked"/>
		<centro id="1100130294-11" nombre="U.D.S Isla del Sol"/>
		<servicio id="328" nombre="Medicina General"/>
		<agenda id="51221" nombre="Agenda Dr. Cortijos Mohedano"/>
		<profesional id="52333178" tipoId="CC" nombre1="Luis" nombre2="Mariano" apellido1="Cortijos" apellido2="Mohedano"/>
		<prestacion id="890201" nombre="Consulta De Primera Vez Por Medicina General"/>	
		<autorizacion codigo="890228" idEPS="" desEPS=""/>
		<noAsistencia id="" nombre=""/>	
		<cancelacion id="" nombre=""/>	
	</cita>

</paciente>
<paciente id="95000680">
	<cita id="667388" ubicacion="Consultorio 501" duracion="30" fecha="20190417120000" ordenClinica="123457" flagPrivado="NO" telefono="7111111" email="">
		<estado id="fulfiled" nombre="fulfiled"/>fulfiled
		<centro id="1100130294-3" nombre="U.D.S Meissen Ambulatorio"/>
		<servicio id="328" nombre="Medicina General"/>
		<agenda id="9900363" nombre="Medicina General"/>
		<profesional id="21054123" tipoId="CC" nombre1="María" nombre2="Victoria" apellido1="Consuelo" apellido2="Pérez"/>
		<prestacion id="890301" nombre="Consulta De Control O De Seguimiento Por Medicina General"/>	
		<autorizacion codigo="890228" idEPS="" desEPS=""/>
		<noAsistencia id="" nombre=""/>	
		<cancelacion id="" nombre=""/>	
	</cita>
</paciente>

<paciente id="60123123">
	<cita id="6673881" ubicacion="Consultorio 202" duracion="30" fecha="20190726163000" ordenClinica="123457" flagPrivado="NO" telefono="3171111111" email="">
		<estado id="booked" nombre="booked"/>booked
		<centro id="1100130294-01" nombre="U.D.S El Tunal"/>
		<servicio id="328" nombre="Medicina General"/>
		<agenda id="3361" nombre="Medicina General"/>
		<profesional id="88176138" tipoId="CC" nombre1="Carlos" nombre2="Eduardo" apellido1="Lozano" apellido2="Lopez"/>
		<prestacion id="890301" nombre="Consulta De Control O De Seguimiento Por Medicina General"/>	
		<autorizacion codigo="890228" idEPS="" desEPS=""/>
		<noAsistencia id="" nombre=""/>	
		<cancelacion id="" nombre=""/>	
	</cita>
	<cita id="6673882" ubicacion="Consultorio 202" duracion="30" fecha="20190603070000" ordenClinica="123457" flagPrivado="NO" telefono="3171111111" email="">
		<estado id="fulfilled" nombre="Cumplida"/>fulfilled
		<centro id="1100130294-01" nombre="U.D.S El Tunal"/>
		<servicio id="328" nombre="Medicina General"/>
		<agenda id="33612" nombre="Medicina General"/>
		<profesional id="88176138" tipoId="CC" nombre1="Carlos" nombre2="Eduardo" apellido1="Lozano" apellido2="Lopez"/>
		<prestacion id="890301" nombre="Consulta De Control O De Seguimiento Por Medicina General"/>	
		<autorizacion codigo="890228" idEPS="" desEPS=""/>
		<noAsistencia id="" nombre=""/>	
		<cancelacion id="" nombre=""/>	
	</cita>
	<cita id="6673882" ubicacion="Consultorio 302" duracion="30" fecha="20190616110000" ordenClinica="123457" flagPrivado="NO" telefono="3171111111" email="">
		<estado id="noshow" nombre="Inasistida"/>fulfilled
		<centro id="1100130294-01" nombre="U.D.S El Tunal"/>
		<servicio id="328" nombre="Medicina General"/>
		<agenda id="33613" nombre="Medicina General"/>
		<profesional id="88176138" tipoId="CC" nombre1="Carlos" nombre2="Eduardo" apellido1="Lozano" apellido2="Lopez"/>
		<prestacion id="890301" nombre="Consulta De Control O De Seguimiento Por Medicina General"/>	
		<autorizacion codigo="890228" idEPS="" desEPS=""/>
		<noAsistencia id="" nombre=""/>	
		<cancelacion id="" nombre=""/>	
	</cita>
</paciente>
</subred>