<?xml version="1.0" encoding="utf-8"?>
<agendas> 

	<agenda id="4023" name="Dra. Florez Hernandez">
				<cupos>
				  <cupo id="1001" fecha="20180809" hora="150000" duracion="30" dia_semana="Viernes" cupos_modulo="1" cupos_necesarios="1" orden_representacion="1" primero_disponible="SI">
					<estado id="free" name="free"/>
					<motivo_bloqueo id="" name=""/>
					<agenda id="4023" name="Dra. Florez Hernandez"/>
					<profesional_cupo id="60176138" tipoID="CC" nombre1="Angela" nombre2="" apellido1="Florez" apellido2="Hernandez"/>
				  </cupo>
				  <cupo id="1001" fecha="20180809" hora="153000" duracion="30" dia_semana="Viernes" cupos_modulo="1" cupos_necesarios="1" orden_representacion="1" primero_disponible="SI">
					<estado id="free" name="free"/>
					<motivo_bloqueo id="" name=""/>
					<agenda id="4023" name="Dra. Florez Hernandez"/>
					<profesional_cupo id="60176138" tipoID="CC" nombre1="Angela" nombre2="" apellido1="Florez" apellido2="Hernandez"/>
				  </cupo>
				  <cupo id="1001" fecha="20180809" hora="16000" duracion="30" dia_semana="Viernes" cupos_modulo="1" cupos_necesarios="1" orden_representacion="1" primero_disponible="SI">
					<estado id="free" name="free"/>
					<motivo_bloqueo id="" name=""/>
					<agenda id="4023" name="Dra. Florez Hernandez"/>
					<profesional_cupo id="60176138" tipoID="CC" nombre1="Angela" nombre2="" apellido1="Florez" apellido2="Hernandez"/>
				  </cupo>
				  <cupo id="1001" fecha="20180809" hora="163000" duracion="30" dia_semana="Viernes" cupos_modulo="1" cupos_necesarios="1" orden_representacion="1" primero_disponible="SI">
					<estado id="free" name="free"/>
					<motivo_bloqueo id="" name=""/>
					<agenda id="4023" name="Dra. Florez Hernandez"/>
					<profesional_cupo id="60176138" tipoID="CC" nombre1="Angela" nombre2="" apellido1="Florez" apellido2="Hernandez"/>
				  </cupo>		
				  
				  <cupo id="1001" fecha="20180812" hora="080000" duracion="30" dia_semana="Lunes" cupos_modulo="1" cupos_necesarios="1" orden_representacion="1" primero_disponible="SI">
					<estado id="free" name="free"/>
					<motivo_bloqueo id="" name=""/>
					<agenda id="4023" name="Dra. Florez Hernandez"/>
					<profesional_cupo id="60176138" tipoID="CC" nombre1="Angela" nombre2="" apellido1="Florez" apellido2="Hernandez"/>
				  </cupo>
				  <cupo id="1001" fecha="20180812" hora="083000" duracion="30" dia_semana="Lunes" cupos_modulo="1" cupos_necesarios="1" orden_representacion="1" primero_disponible="SI">
					<estado id="free" name="free"/>
					<motivo_bloqueo id="" name=""/>
					<agenda id="4023" name="Dra. Florez Hernandez"/>
					<profesional_cupo id="60176138" tipoID="CC" nombre1="Angela" nombre2="" apellido1="Florez" apellido2="Hernandez"/>
				  </cupo>
				  <cupo id="1001" fecha="20180812" hora="09000" duracion="30" dia_semana="Lunes" cupos_modulo="1" cupos_necesarios="1" orden_representacion="1" primero_disponible="SI">
					<estado id="free" name="free"/>
					<motivo_bloqueo id="" name=""/>
					<agenda id="4023" name="Dra. Florez Hernandez"/>
					<profesional_cupo id="60176138" tipoID="CC" nombre1="Angela" nombre2="" apellido1="Florez" apellido2="Hernandez"/>
				  </cupo>
				  <cupo id="1001" fecha="20180812" hora="093000" duracion="30" dia_semana="Lunes" cupos_modulo="1" cupos_necesarios="1" orden_representacion="1" primero_disponible="SI">
					<estado id="free" name="free"/>
					<motivo_bloqueo id="" name=""/>
					<agenda id="4023" name="Dra. Florez Hernandez"/>
					<profesional_cupo id="60176138" tipoID="CC" nombre1="Angela" nombre2="" apellido1="Florez" apellido2="Hernandez"/>
				  </cupo>				  
			 </cupos> 		
	</agenda>



	<agenda id="51221" name="Agenda Dr. Cortijos Mohedano">
		<cupos>
		  <cupo id="12001" fecha="20190418" hora="100000" duracion="30" dia_semana="MIERCOLES" cupos_modulo="1" cupos_necesarios="1" orden_representacion="1" primero_disponible="SI">
			<estado id="2" name="free"/>
			<motivo_bloqueo id="" name=""/>
			<agenda id="51221" name="Agenda Dr. Cortijos Mohedano"/>
			<profesional_cupo id="52333178" tipoID="CC" nombre1="Luis" nombre2="Mariano" apellido1="Cortijos" apellido2="Mohedano"/>
		  </cupo>
		  <cupo id="12002" fecha="20190418" hora="103000" duracion="30" dia_semana="MIERCOLES" cupos_modulo="1" cupos_necesarios="1" orden_representacion="1" primero_disponible="NO">
			<estado id="2" name="free"/>
			<motivo_bloqueo id="" name=""/>
			<agenda id="51221" name="Agenda Dr. Cortijos Mohedano"/>
			<profesional_cupo id="52333178" tipoID="CC" nombre1="Luis" nombre2="Mariano" apellido1="Cortijos" apellido2="Mohedano"/>
		  </cupo>
		  <cupo id="12003" fecha="20190418" hora="110000" duracion="30" dia_semana="MIERCOLES" cupos_modulo="1" cupos_necesarios="1" orden_representacion="1" primero_disponible="NO">
			<estado id="2" name="free"/>
			<motivo_bloqueo id="" name=""/>
			<agenda id="51221" name="Agenda Dr. Cortijos Mohedano"/>
			<profesional_cupo id="52333178" tipoID="CC" nombre1="Luis" nombre2="Mariano" apellido1="Cortijos" apellido2="Mohedano"/>
		  </cupo>
		  <cupo id="12004" fecha="20190418" hora="113000" duracion="30" dia_semana="MIERCOLES" cupos_modulo="1" cupos_necesarios="1" orden_representacion="1" primero_disponible="NO">
			<estado id="2" name="free"/>
			<motivo_bloqueo id="" name=""/>
			<agenda id="51221" name="Agenda Dr. Cortijos Mohedano"/>
			<profesional_cupo id="52333178" tipoID="CC" nombre1="Luis" nombre2="Mariano" apellido1="Cortijos" apellido2="Mohedano"/>
		  </cupo>
		  <cupo id="12005" fecha="20190418" hora="100000" duracion="30" dia_semana="JUEVES" cupos_modulo="1" cupos_necesarios="1" orden_representacion="1" primero_disponible="NO">
			<estado id="2" name="free"/>
			<motivo_bloqueo id="" name=""/>
			<agenda id="51221" name="Agenda Dr. Cortijos Mohedano"/>
			<profesional_cupo id="52333178" tipoID="CC" nombre1="Luis" nombre2="Mariano" apellido1="Cortijos" apellido2="Mohedano"/>
		  </cupo>
		  <cupo id="12006" fecha="20190418" hora="103000" duracion="30" dia_semana="JUEVES" cupos_modulo="1" cupos_necesarios="1" orden_representacion="1" primero_disponible="NO">
			<estado id="2" name="free"/>
			<motivo_bloqueo id="" name=""/>
			<agenda id="51221" name="Agenda Dr. Cortijos Mohedano"/>
			<profesional_cupo id="52333178" tipoID="CC" nombre1="Luis" nombre2="Mariano" apellido1="Cortijos" apellido2="Mohedano"/>
		  </cupo>
		</cupos> 
	</agenda>
	<agenda id="51246" name="Agenda Medicina General Primera Vez y Seguimiento">
		<cupos>
		  <cupo id="12021" fecha="20190403" hora="100000" duracion="30" dia_semana="MIERCOLES" cupos_modulo="1" cupos_necesarios="1" orden_representacion="1" primero_disponible="SI">
			<estado id="2" name="free"/>
			<motivo_bloqueo id="" name=""/>
			<agenda id="51246" name="Agenda Medicina General Primera Vez y Seguimiento"/>
		  </cupo>
		  <cupo id="12022" fecha="20190403" hora="103000" duracion="30" dia_semana="MIERCOLES" cupos_modulo="1" cupos_necesarios="1" orden_representacion="1" primero_disponible="NO">
			<estado id="2" name="free"/>
			<motivo_bloqueo id="" name=""/>
			<agenda id="51246" name="Agenda Medicina General Primera Vez y Seguimiento"/>
		  </cupo>
		  <cupo id="12023" fecha="20190404" hora="100000" duracion="30" dia_semana="JUEVES" cupos_modulo="1" cupos_necesarios="1" orden_representacion="1" primero_disponible="NO">
			<estado id="2" name="free"/>
			<motivo_bloqueo id="" name=""/>
			<agenda id="51246" name="Agenda Medicina General Primera Vez y Seguimiento"/>	
		  </cupo>
		  <cupo id="12024" fecha="20190404" hora="103000" duracion="30" dia_semana="JUEVES" cupos_modulo="1" cupos_necesarios="1" orden_representacion="1" primero_disponible="NO">
			<estado id="2" name="free"/>
			<motivo_bloqueo id="" name=""/>
			<agenda id="51246" name="Agenda Medicina General Primera Vez y Seguimiento"/>
		  </cupo>
		  <cupo id="12025" fecha="20190404" hora="110000" duracion="30" dia_semana="JUEVES" cupos_modulo="1" cupos_necesarios="1" orden_representacion="1" primero_disponible="NO">
			<estado id="2" name="free"/>
			<motivo_bloqueo id="" name=""/>
			<agenda id="51246" name="Agenda Medicina General Primera Vez y Seguimiento"/>
		  </cupo>
		  <cupo id="12026" fecha="20190404" hora="113000" duracion="30" dia_semana="JUEVES" cupos_modulo="1" cupos_necesarios="1" orden_representacion="1" primero_disponible="NO">
			<estado id="2" name="free"/>
			<motivo_bloqueo id="" name=""/>
			<agenda id="51246" name="Agenda Medicina General Primera Vez y Seguimiento"/>
		  </cupo>
		  <cupo id="12027" fecha="20190405" hora="113000" duracion="30" dia_semana="VIERNES" cupos_modulo="1" cupos_necesarios="1" orden_representacion="1" primero_disponible="NO">
			<estado id="2" name="free"/>
			<motivo_bloqueo id="" name=""/>
			<agenda id="51246" name="Agenda Medicina General Primera Vez y Seguimiento"/>
		  </cupo>
		</cupos> 
	</agenda>
	<agenda id="121">
		<cupos>
		  <cupo id="2001" fecha="20180422" hora="100000" duracion="30" dia_semana="VIERNES" cupos_modulo="1" cupos_necesarios="1" orden_representacion="1" primero_disponible="SI">
			<estado id="2" name="free"/>
			<motivo_bloqueo id="" name=""/>
			<agenda id="121" name="Agenda Dra"/>
			<profesional_cupo id="79333444" tipoID="CC" nombre1="nn" nombre2="bb" apellido1="car" apellido2="perez"/>
		  </cupo>
		  <cupo id="2002" fecha="20180422" hora="103000" duracion="30" dia_semana="VIERNES" cupos_modulo="1" cupos_necesarios="1" orden_representacion="1" primero_disponible="NO">
			<estado id="2" name="free"/>
			<motivo_bloqueo id="" name=""/>
			<agenda id="121" name="Agenda Dra"/>
		  </cupo>
		</cupos> 
	</agenda>
	<agenda id="122" name="Agenda Pepito">
		<cupos>
		  <cupo id="2001" fecha="20180322" hora="100000" duracion="30" dia_semana="VIERNES" cupos_modulo="1" cupos_necesarios="1" orden_representacion="1" primero_disponible="SI">
			<estado id="2" name="free"/>
			<motivo_bloqueo id="" name=""/>
			<agenda id="122" name="Agenda Pepito"/>
			<profesional id="" tipoID="" nombre1="" nombre2="" apellido1="" apellido2=""/>
		  </cupo>
		  <cupo id="2002" fecha="20180322" hora="103000" duracion="30" dia_semana="VIERNES" cupos_modulo="1" cupos_necesarios="1" orden_representacion="1" primero_disponible="NO">
			<estado id="2" name="free"/>
			<motivo_bloqueo id="" name=""/>
			<agenda id="122" name="Agenda Pepito"/>
			<profesional id="" tipoID="" nombre1="" nombre2="" apellido1="" apellido2=""/>
		  </cupo>
		</cupos> 
	</agenda>
	<agenda id="51248" name="Agenda Odontología General">
		<cupos>
		  <cupo id="1003" fecha="20190418" hora="080000" duracion="30" dia_semana="JUEVES" cupos_modulo="1" cupos_necesarios="1" orden_representacion="1" primero_disponible="SI">
			<estado id="2" name="free"/>
			<motivo_bloqueo id="" name=""/>
			<agenda id="101" name="Agenda Odontología General"/>
			<profesional_cupo id="52333114" tipoID="CC" nombre1="" nombre2="" apellido1="Perez" apellido2=""/>
		  </cupo>
		  <cupo id="1004" fecha="20190506" hora="083000" duracion="30" dia_semana="LUNES" cupos_modulo="1" cupos_necesarios="1" orden_representacion="1" primero_disponible="NO">
			<estado id="2" name="free"/>
			<motivo_bloqueo id="" name=""/>
			<agenda id="102" name="Agenda Odontología General"/>
		  </cupo>
		  <cupo id="1005" fecha="20190515" hora="163000" duracion="30" dia_semana="MIERCOLES" cupos_modulo="1" cupos_necesarios="1" orden_representacion="1" primero_disponible="NO">
			<estado id="2" name="free"/>
			<motivo_bloqueo id="" name=""/>
			<agenda id="102" name="Agenda Odontología General"/>
		  </cupo>
		</cupos>  
	</agenda>
	<agenda id="6126675" name="Agenda Pediatría">
		<cupos>
		  <cupo id="1103" fecha="20190518" hora="090000" duracion="30" dia_semana="JUEVES" cupos_modulo="1" cupos_necesarios="1" orden_representacion="1" primero_disponible="SI">
			<estado id="2" name="free"/>
			<motivo_bloqueo id="" name=""/>
			<agenda id="6126675" name="Agenda Pediatría"/>
			<profesional_cupo id="78254145" tipoID="CC" nombre1="Michael" apellido1="López" apellido2="Ibor"/> 
		  </cupo>
		  <cupo id="1104" fecha="20190506" hora="153000" duracion="30" dia_semana="LUNES" cupos_modulo="1" cupos_necesarios="1" orden_representacion="1" primero_disponible="NO">
			<estado id="2" name="free"/>
			<motivo_bloqueo id="" name=""/>
			<agenda id="6126675" name="Agenda Pediatría"/>
		  </cupo>
		</cupos>  
	</agenda>
<!--inicio yura -->
	<agenda id="325" name="Medicina Familiar">
		<cupos>
		  <cupo id="3008" fecha="20190517" hora="100000" duracion="30" dia_semana="JUEVES" cupos_modulo="1" cupos_necesarios="1" orden_representacion="1" primero_disponible="SI">
			<estado id="2" name="free"/>
			<motivo_bloqueo id="" name=""/>
			<agenda id="325" name="Medicina Familiar"/>			 
		  </cupo>
		</cupos>  
	</agenda>
	<agenda id="325" name="Medicina Familiar">
		<cupos>
		  <cupo id="3015" fecha="20190517" hora="100000" duracion="30" dia_semana="JUEVES" cupos_modulo="1" cupos_necesarios="1" orden_representacion="1" primero_disponible="SI">
			<estado id="2" name="free"/>
			<motivo_bloqueo id="" name=""/>
			<agenda id="325" name="Medicina Familiar"/>			 
		  </cupo>
		</cupos>  
	</agenda>
	<agenda id="325" name="Medicina Familiar">
		<cupos>
		  <cupo id="3016" fecha="20190517" hora="110000" duracion="30" dia_semana="JUEVES" cupos_modulo="1" cupos_necesarios="1" orden_representacion="1" primero_disponible="SI">
			<estado id="2" name="free"/>
			<motivo_bloqueo id="" name=""/>
			<agenda id="325" name="Medicina Familiar"/>			 
		  </cupo>
		</cupos>  
	</agenda>
	<agenda id="325" name="Medicina Familiar">
		<cupos>
		  <cupo id="3022" fecha="20190517" hora="100000" duracion="30" dia_semana="JUEVES" cupos_modulo="1" cupos_necesarios="1" orden_representacion="1" primero_disponible="SI">
			<estado id="2" name="free"/>
			<motivo_bloqueo id="" name=""/>
			<agenda id="325" name="Medicina Familiar"/>			 
		  </cupo>
		</cupos>  
	</agenda>
	<agenda id="325" name="Medicina Familiar">
		<cupos>
		  <cupo id="3028" fecha="20190517" hora="100000" duracion="30" dia_semana="JUEVES" cupos_modulo="1" cupos_necesarios="1" orden_representacion="1" primero_disponible="SI">
			<estado id="2" name="free"/>
			<motivo_bloqueo id="" name=""/>
			<agenda id="325" name="Medicina Familiar"/>			 
		  </cupo>
		</cupos>  
	</agenda>
	<agenda id="328" name="Medicina General">
		<cupos>
		  <cupo id="3007" fecha="20190517" hora="100000" duracion="30" dia_semana="JUEVES" cupos_modulo="1" cupos_necesarios="1" orden_representacion="1" primero_disponible="SI">
			<estado id="2" name="free"/>
			<motivo_bloqueo id="" name=""/>
			<agenda id="328" name="Medicina General"/>			 
		  </cupo>
		</cupos>  
	</agenda>
	<agenda id="328" name="Medicina General">
		<cupos>
		  <cupo id="3014" fecha="20190517" hora="100000" duracion="30" dia_semana="JUEVES" cupos_modulo="1" cupos_necesarios="1" orden_representacion="1" primero_disponible="SI">
			<estado id="2" name="free"/>
			<motivo_bloqueo id="" name=""/>
			<agenda id="328" name="Medicina General"/>			 
		  </cupo>
		</cupos>  
	</agenda>
	<agenda id="328" name="Medicina General">
		<cupos>
		  <cupo id="3019" fecha="20190517" hora="100000" duracion="30" dia_semana="JUEVES" cupos_modulo="1" cupos_necesarios="1" orden_representacion="1" primero_disponible="SI">
			<estado id="2" name="free"/>
			<motivo_bloqueo id="" name=""/>
			<agenda id="328" name="Medicina General"/>			 
		  </cupo>
		</cupos>  
	</agenda>
	<agenda id="328" name="Medicina General">
		<cupos>
		  <cupo id="3021" fecha="20190517" hora="100000" duracion="30" dia_semana="JUEVES" cupos_modulo="1" cupos_necesarios="1" orden_representacion="1" primero_disponible="SI">
			<estado id="2" name="free"/>
			<motivo_bloqueo id="" name=""/>
			<agenda id="328" name="Medicina General"/>			 
		  </cupo>
		</cupos>  
	</agenda>
	<agenda id="328" name="Medicina General">
		<cupos>
		  <cupo id="3025" fecha="20190517" hora="100000" duracion="30" dia_semana="JUEVES" cupos_modulo="1" cupos_necesarios="1" orden_representacion="1" primero_disponible="SI">
			<estado id="2" name="free"/>
			<motivo_bloqueo id="" name=""/>
			<agenda id="328" name="Medicina General"/>			 
		  </cupo>
		</cupos>  
	</agenda>
	<agenda id="328" name="Medicina General">
		<cupos>
		  <cupo id="3027" fecha="20190517" hora="100000" duracion="30" dia_semana="JUEVES" cupos_modulo="1" cupos_necesarios="1" orden_representacion="1" primero_disponible="SI">
			<estado id="2" name="free"/>
			<motivo_bloqueo id="" name=""/>
			<agenda id="328" name="Medicina General"/>			 
		  </cupo>
		</cupos>  
	</agenda>
	<agenda id="328" name="Medicina General">
		<cupos>
		  <cupo id="3031" fecha="20190517" hora="100000" duracion="30" dia_semana="JUEVES" cupos_modulo="1" cupos_necesarios="1" orden_representacion="1" primero_disponible="SI">
			<estado id="2" name="free"/>
			<motivo_bloqueo id="" name=""/>
			<agenda id="328" name="Medicina General"/>			 
		  </cupo>
		</cupos>  
	</agenda>
	<agenda id="329" name="Medicina Interna">
		<cupos>
		  <cupo id="3011" fecha="20190517" hora="100000" duracion="30" dia_semana="JUEVES" cupos_modulo="1" cupos_necesarios="1" orden_representacion="1" primero_disponible="SI">
			<estado id="2" name="free"/>
			<motivo_bloqueo id="" name=""/>
			<agenda id="329" name="Medicina Interna"/>			 
		  </cupo>
		</cupos>  
	</agenda>
	<agenda id="329" name="Medicina Interna">
		<cupos>
		  <cupo id="3012" fecha="20190517" hora="100000" duracion="30" dia_semana="JUEVES" cupos_modulo="1" cupos_necesarios="1" orden_representacion="1" primero_disponible="SI">
			<estado id="2" name="free"/>
			<motivo_bloqueo id="" name=""/>
			<agenda id="329" name="Medicina Interna"/>			 
		  </cupo>
		</cupos>  
	</agenda>
	<agenda id="329" name="Medicina Interna">
		<cupos>
		  <cupo id="3013" fecha="20190517" hora="100000" duracion="30" dia_semana="JUEVES" cupos_modulo="1" cupos_necesarios="1" orden_representacion="1" primero_disponible="SI">
			<estado id="2" name="free"/>
			<motivo_bloqueo id="" name=""/>
			<agenda id="329" name="Medicina Interna"/>			 
		  </cupo>
		</cupos>  
	</agenda>
	<agenda id="329" name="Medicina Interna">
		<cupos>
		  <cupo id="3020" fecha="20190517" hora="100000" duracion="30" dia_semana="JUEVES" cupos_modulo="1" cupos_necesarios="1" orden_representacion="1" primero_disponible="SI">
			<estado id="2" name="free"/>
			<motivo_bloqueo id="" name=""/>
			<agenda id="329" name="Medicina Interna"/>			 
		  </cupo>
		</cupos>  
	</agenda>
	<agenda id="329" name="Medicina Interna">
		<cupos>
		  <cupo id="3026" fecha="20190517" hora="100000" duracion="30" dia_semana="JUEVES" cupos_modulo="1" cupos_necesarios="1" orden_representacion="1" primero_disponible="SI">
			<estado id="2" name="free"/>
			<motivo_bloqueo id="" name=""/>
			<agenda id="329" name="Medicina Interna"/>			 
		  </cupo>
		</cupos>  
	</agenda>
	<agenda id="3361" name="Agenda Medicina General">
		<cupos>
		  <cupo id="3027" fecha="20190726" hora="163000" duracion="30" dia_semana="VIERNES" cupos_modulo="1" cupos_necesarios="1" orden_representacion="1" primero_disponible="SI">
			<estado id="2" name="free"/>
			<motivo_bloqueo id="" name=""/>
			<agenda id="328" name="Agenda Medicina General"/>			 
		  </cupo>
		</cupos>  
	</agenda>
</agendas>  