<?xml version="1.0" encoding="utf-8"?>
<profesionales>	
	<profesional id="60176138">
		<cupos>
			  <cupo id="1001" fecha="20180809" hora="150000" duracion="30" dia_semana="Viernes" cupos_modulo="1" cupos_necesarios="1" orden_representacion="1" primero_disponible="SI">
				<estado id="free" name="free"/>
				<motivo_bloqueo id="" name=""/>
				<agenda id="4023" name="Dra. Florez Hernandez"/>
				<profesional_cupo id="60176138" tipoID="CC" nombre1="Angela" nombre2="" apellido1="Florez" apellido2="Hernandez"/>
			  </cupo>
			  <cupo id="1001" fecha="20180809" hora="153000" duracion="30" dia_semana="Viernes" cupos_modulo="1" cupos_necesarios="1" orden_representacion="1" primero_disponible="SI">
				<estado id="free" name="free"/>
				<motivo_bloqueo id="" name=""/>
				<agenda id="4023" name="Dra. Florez Hernandez"/>
				<profesional_cupo id="60176138" tipoID="CC" nombre1="Angela" nombre2="" apellido1="Florez" apellido2="Hernandez"/>
			  </cupo>
			  <cupo id="1001" fecha="20180809" hora="16000" duracion="30" dia_semana="Viernes" cupos_modulo="1" cupos_necesarios="1" orden_representacion="1" primero_disponible="SI">
				<estado id="free" name="free"/>
				<motivo_bloqueo id="" name=""/>
				<agenda id="4023" name="Dra. Florez Hernandez"/>
				<profesional_cupo id="60176138" tipoID="CC" nombre1="Angela" nombre2="" apellido1="Florez" apellido2="Hernandez"/>
			  </cupo>
			  <cupo id="1001" fecha="20180809" hora="163000" duracion="30" dia_semana="Viernes" cupos_modulo="1" cupos_necesarios="1" orden_representacion="1" primero_disponible="SI">
				<estado id="free" name="free"/>
				<motivo_bloqueo id="" name=""/>
				<agenda id="4023" name="Dra. Florez Hernandez"/>
				<profesional_cupo id="60176138" tipoID="CC" nombre1="Angela" nombre2="" apellido1="Florez" apellido2="Hernandez"/>
			  </cupo>	
			  
				  <cupo id="1001" fecha="20180812" hora="080000" duracion="30" dia_semana="Lunes" cupos_modulo="1" cupos_necesarios="1" orden_representacion="1" primero_disponible="SI">
					<estado id="free" name="free"/>
					<motivo_bloqueo id="" name=""/>
					<agenda id="4023" name="Dra. Florez Hernandez"/>
					<profesional_cupo id="60176138" tipoID="CC" nombre1="Angela" nombre2="" apellido1="Florez" apellido2="Hernandez"/>
				  </cupo>
				  <cupo id="1001" fecha="20180812" hora="083000" duracion="30" dia_semana="Lunes" cupos_modulo="1" cupos_necesarios="1" orden_representacion="1" primero_disponible="SI">
					<estado id="free" name="free"/>
					<motivo_bloqueo id="" name=""/>
					<agenda id="4023" name="Dra. Florez Hernandez"/>
					<profesional_cupo id="60176138" tipoID="CC" nombre1="Angela" nombre2="" apellido1="Florez" apellido2="Hernandez"/>
				  </cupo>
				  <cupo id="1001" fecha="20180812" hora="09000" duracion="30" dia_semana="Lunes" cupos_modulo="1" cupos_necesarios="1" orden_representacion="1" primero_disponible="SI">
					<estado id="free" name="free"/>
					<motivo_bloqueo id="" name=""/>
					<agenda id="4023" name="Dra. Florez Hernandez"/>
					<profesional_cupo id="60176138" tipoID="CC" nombre1="Angela" nombre2="" apellido1="Florez" apellido2="Hernandez"/>
				  </cupo>
				  <cupo id="1001" fecha="20180812" hora="093000" duracion="30" dia_semana="Lunes" cupos_modulo="1" cupos_necesarios="1" orden_representacion="1" primero_disponible="SI">
					<estado id="free" name="free"/>
					<motivo_bloqueo id="" name=""/>
					<agenda id="4023" name="Dra. Florez Hernandez"/>
					<profesional_cupo id="60176138" tipoID="CC" nombre1="Angela" nombre2="" apellido1="Florez" apellido2="Hernandez"/>
				  </cupo>				  
		</cupos>  
	</profesional>
	
	<profesional id="89176140">
		<cupos>
		  <cupo id="7701" fecha="20190805" hora="110000" duracion="30" dia_semana="MARTES" cupos_modulo="1" cupos_necesarios="1" orden_representacion="1" primero_disponible="SI">
			<estado id="free" name="free"/>
			<motivo_bloqueo id="" name=""/>
			<agenda id="101" name="Dr.  Luis sarmiento"/>
			<profesional_cupo id="89176140" tipoID="CC" nombre1="Luis" nombre2="" apellido1="sarmiento" apellido2=""/>
		  </cupo>
		</cupos>  
	</profesional>

	<profesional id="84476140">
		<cupos>
		  <cupo id="6601" fecha="20190801" hora="110000" duracion="30" dia_semana="MARTES" cupos_modulo="1" cupos_necesarios="1" orden_representacion="1" primero_disponible="SI">
			<estado id="free" name="free"/>
			<motivo_bloqueo id="" name=""/>
			<agenda id="101" name="Dr.  William Lopez"/>
			<profesional_cupo id="84476140" tipoID="CC" nombre1="William" nombre2="" apellido1="Lopez" apellido2=""/>
		  </cupo>
		</cupos>  
	</profesional>
	
	
	
	
	
	
	
	
	<profesional id="32222">
		<cupos>
		  <cupo id="1001" fecha="20180322" hora="100000" duracion="30" dia_semana="VIERNES" cupos_modulo="1" cupos_necesarios="1" orden_representacion="1" primero_disponible="SI">
			<estado id="2" name="free"/>
			<motivo_bloqueo id="" name=""/>
			<agenda id="101" name="Dr.  lui Lopez"/>
			<profesional_cupo id="32222" tipoID="CC" nombre1="" nombre2="" apellido1="Perez" apellido2=""/>
		  </cupo>
		  <cupo id="1002" fecha="20180322" hora="103000" duracion="30" dia_semana="VIERNES" cupos_modulo="1" cupos_necesarios="1" orden_representacion="1" primero_disponible="NO">
			<estado id="2" name="free"/>
			<motivo_bloqueo id="" name=""/>
			<agenda id="102" name="Agenda Dra X"/>
			
		  </cupo>
		</cupos>  
	</profesional>
	
	
	
	
	
	
	<profesional id="78254142">
		<cupos>
		  <cupo id="1003" fecha="20190422" hora="080000" duracion="30" dia_semana="JUEVES" cupos_modulo="1" cupos_necesarios="1" orden_representacion="1" primero_disponible="SI">
			<estado id="2" name="free"/>
			<motivo_bloqueo id="" name=""/>
			<agenda id="101" name="Agenda Odontología General"/>
			<profesional_cupo id="52333114" tipoID="CC" nombre1="" nombre2="" apellido1="Perez" apellido2=""/>
		  </cupo>
		  <cupo id="1004" fecha="20190506" hora="083000" duracion="30" dia_semana="LUNES" cupos_modulo="1" cupos_necesarios="1" orden_representacion="1" primero_disponible="NO">
			<estado id="2" name="free"/>
			<motivo_bloqueo id="" name=""/>
			<agenda id="102" name="Agenda Odontología General"/>
		  </cupo>
		  <cupo id="1005" fecha="20190515" hora="163000" duracion="30" dia_semana="MIERCOLES" cupos_modulo="1" cupos_necesarios="1" orden_representacion="1" primero_disponible="NO">
			<estado id="2" name="free"/>
			<motivo_bloqueo id="" name=""/>
			<agenda id="102" name="Agenda Odontología General"/>
		  </cupo>
		  <cupo id="1006" fecha="20190711" hora="080000" duracion="30" dia_semana="JUEVES" cupos_modulo="1" cupos_necesarios="1" orden_representacion="1" primero_disponible="SI">
			<estado id="2" name="free"/>
			<motivo_bloqueo id="" name=""/>
			<agenda id="101" name="Agenda Odontología General"/>
			<profesional_cupo id="52333114" tipoID="CC" nombre1="" nombre2="" apellido1="Perez" apellido2=""/>
		  </cupo>
		  <cupo id="1007" fecha="20190906" hora="083000" duracion="30" dia_semana="LUNES" cupos_modulo="1" cupos_necesarios="1" orden_representacion="1" primero_disponible="NO">
			<estado id="2" name="free"/>
			<motivo_bloqueo id="" name=""/>
			<agenda id="102" name="Agenda Odontología General"/>
		  </cupo>
		  <cupo id="1008" fecha="20191015" hora="163000" duracion="30" dia_semana="MIERCOLES" cupos_modulo="1" cupos_necesarios="1" orden_representacion="1" primero_disponible="NO">
			<estado id="2" name="free"/>
			<motivo_bloqueo id="" name=""/>
			<agenda id="102" name="Agenda Odontología General"/>
		  </cupo>
		</cupos>  
	</profesional>
	<!--inicio yura -->
	<profesional id="7000002">
		<cupos>
		  <cupo id="3001" fecha="20190515" hora="080000" duracion="30" dia_semana="LUNES" cupos_modulo="1" cupos_necesarios="1" orden_representacion="1" primero_disponible="SI">
			<estado id="2" name="free"/>
			<motivo_bloqueo id="" name=""/>
			<agenda id="" name=""/>
			<profesional_cupo id="7000002" tipoID="CC" nombre1="Franklin" nombre2="" apellido1="Bohada" apellido2=""/>		 
		  </cupo>
		</cupos>  
	</profesional>
	<profesional id="7000003">
		<cupos>
		  <cupo id="3002" fecha="20190515" hora="080000" duracion="30" dia_semana="LUNES" cupos_modulo="1" cupos_necesarios="1" orden_representacion="1" primero_disponible="SI">
			<estado id="2" name="free"/>
			<motivo_bloqueo id="" name=""/>
			<agenda id="" name=""/>
			<profesional_cupo id="7000003" tipoID="CC" nombre1="Carolina" nombre2="" apellido1="Sarmiento" apellido2=""/>		 
		  </cupo>
		</cupos>  
	</profesional>
	<profesional id="7000004">
		<cupos>
		  <cupo id="3003" fecha="20190515" hora="080000" duracion="30" dia_semana="LUNES" cupos_modulo="1" cupos_necesarios="1" orden_representacion="1" primero_disponible="SI">
			<estado id="2" name="free"/>
			<motivo_bloqueo id="" name=""/>
			<agenda id="" name=""/>
			<profesional_cupo id="7000004" tipoID="CC" nombre1="Jose" nombre2="" apellido1="Pereira" apellido2=""/>		 
		  </cupo>
		</cupos>  
	</profesional>
	<profesional id="7000004">
		<cupos>
		  <cupo id="3004" fecha="20190515" hora="090000" duracion="30" dia_semana="LUNES" cupos_modulo="1" cupos_necesarios="1" orden_representacion="1" primero_disponible="SI">
			<estado id="2" name="free"/>
			<motivo_bloqueo id="" name=""/>
			<agenda id="" name=""/>
			<profesional_cupo id="7000004" tipoID="CC" nombre1="Jose" nombre2="" apellido1="Pereira" apellido2=""/>		 
		  </cupo>
		</cupos>  
	</profesional>
	<profesional id="7000005">
		<cupos>
		  <cupo id="3005" fecha="20190515" hora="080000" duracion="30" dia_semana="LUNES" cupos_modulo="1" cupos_necesarios="1" orden_representacion="1" primero_disponible="SI">
			<estado id="2" name="free"/>
			<motivo_bloqueo id="" name=""/>
			<agenda id="" name=""/>
			<profesional_cupo id="7000005" tipoID="CC" nombre1="Dolly" nombre2="" apellido1="leguizamon" apellido2=""/>		 
		  </cupo>
		</cupos>  
	</profesional>
	<profesional id="7000005">
		<cupos>
		  <cupo id="3006" fecha="20190515" hora="090000" duracion="30" dia_semana="LUNES" cupos_modulo="1" cupos_necesarios="1" orden_representacion="1" primero_disponible="SI">
			<estado id="2" name="free"/>
			<motivo_bloqueo id="" name=""/>
			<agenda id="" name=""/>
			<profesional_cupo id="7000005" tipoID="CC" nombre1="Dolly" nombre2="" apellido1="leguizamon" apellido2=""/>		 
		  </cupo>
		</cupos>  
	</profesional>
	<profesional id="88176138">
		<cupos>
		  <cupo id="3006" fecha="20190726" hora="163000" duracion="30" dia_semana="VIERNES" cupos_modulo="1" cupos_necesarios="1" orden_representacion="1" primero_disponible="SI">
			<estado id="2" name="free"/>
			<motivo_bloqueo id="" name=""/>
			<agenda id="3361" name="Agenda Medicina General"/>
			<profesional_cupo id="88176138" tipoID="CC" nombre1="Carlos" nombre2="Eduardo" apellido1="Lozano" apellido2="Lopez"/>
		  </cupo>
		  <cupo id="3006" fecha="20190726" hora="070000" duracion="30" dia_semana="VIERNES" cupos_modulo="1" cupos_necesarios="1" orden_representacion="1" primero_disponible="SI">
			<estado id="2" name="free"/>
			<motivo_bloqueo id="" name=""/>
			<agenda id="3361" name="Agenda Medicina General"/>
			<profesional_cupo id="88176138" tipoID="CC" nombre1="Carlos" nombre2="Eduardo" apellido1="Lozano" apellido2="Lopez"/>
		  </cupo>
		  <cupo id="3006" fecha="20190729" hora="070000" duracion="30" dia_semana="LUNES" cupos_modulo="1" cupos_necesarios="1" orden_representacion="1" primero_disponible="SI">
			<estado id="2" name="free"/>
			<motivo_bloqueo id="" name=""/>
			<agenda id="3361" name="Agenda Medicina General"/>
			<profesional_cupo id="88176138" tipoID="CC" nombre1="Carlos" nombre2="Eduardo" apellido1="Lozano" apellido2="Lopez"/>
		  </cupo>
		  <cupo id="3006" fecha="20190729" hora="110000" duracion="30" dia_semana="LUNES" cupos_modulo="1" cupos_necesarios="1" orden_representacion="1" primero_disponible="SI">
			<estado id="2" name="free"/>
			<motivo_bloqueo id="" name=""/>
			<agenda id="3361" name="Agenda Medicina General"/>
			<profesional_cupo id="88176138" tipoID="CC" nombre1="Carlos" nombre2="Eduardo" apellido1="Lozano" apellido2="Lopez"/>
		  </cupo>
		  <cupo id="3006" fecha="20190729" hora="163000" duracion="30" dia_semana="LUNES" cupos_modulo="1" cupos_necesarios="1" orden_representacion="1" primero_disponible="SI">
			<estado id="2" name="free"/>
			<motivo_bloqueo id="" name=""/>
			<agenda id="3361" name="Agenda Medicina General"/>
			<profesional_cupo id="88176138" tipoID="CC" nombre1="Carlos" nombre2="Eduardo" apellido1="Lozano" apellido2="Lopez"/>
		  </cupo>
		  <cupo id="3006" fecha="20190730" hora="070000" duracion="30" dia_semana="MARTES" cupos_modulo="1" cupos_necesarios="1" orden_representacion="1" primero_disponible="SI">
			<estado id="2" name="free"/>
			<motivo_bloqueo id="" name=""/>
			<agenda id="3361" name="Agenda Medicina General"/>
			<profesional_cupo id="88176138" tipoID="CC" nombre1="Carlos" nombre2="Eduardo" apellido1="Lozano" apellido2="Lopez"/>
		  </cupo>
		  <cupo id="3006" fecha="20190730" hora="110000" duracion="30" dia_semana="MARTES" cupos_modulo="1" cupos_necesarios="1" orden_representacion="1" primero_disponible="SI">
			<estado id="2" name="free"/>
			<motivo_bloqueo id="" name=""/>
			<agenda id="3361" name="Agenda Medicina General"/>
			<profesional_cupo id="88176138" tipoID="CC" nombre1="Carlos" nombre2="Eduardo" apellido1="Lozano" apellido2="Lopez"/>
		  </cupo>
		  <cupo id="3006" fecha="20190730" hora="163000" duracion="30" dia_semana="MARTES" cupos_modulo="1" cupos_necesarios="1" orden_representacion="1" primero_disponible="SI">
			<estado id="2" name="free"/>
			<motivo_bloqueo id="" name=""/>
			<agenda id="3361" name="Agenda Medicina General"/>
			<profesional_cupo id="88176138" tipoID="CC" nombre1="Carlos" nombre2="Eduardo" apellido1="Lozano" apellido2="Lopez"/>
		  </cupo>
		  <cupo id="3006" fecha="20190731" hora="070000" duracion="30" dia_semana="MIERCOLES" cupos_modulo="1" cupos_necesarios="1" orden_representacion="1" primero_disponible="SI">
			<estado id="2" name="free"/>
			<motivo_bloqueo id="" name=""/>
			<agenda id="3361" name="Agenda Medicina General"/>
			<profesional_cupo id="88176138" tipoID="CC" nombre1="Carlos" nombre2="Eduardo" apellido1="Lozano" apellido2="Lopez"/>
		  </cupo>
		  <cupo id="3006" fecha="20190731" hora="110000" duracion="30" dia_semana="MIERCOLES" cupos_modulo="1" cupos_necesarios="1" orden_representacion="1" primero_disponible="SI">
			<estado id="2" name="free"/>
			<motivo_bloqueo id="" name=""/>
			<agenda id="3361" name="Agenda Medicina General"/>
			<profesional_cupo id="88176138" tipoID="CC" nombre1="Carlos" nombre2="Eduardo" apellido1="Lozano" apellido2="Lopez"/>
		  </cupo>
		  <cupo id="3006" fecha="20190731" hora="163000" duracion="30" dia_semana="MIERCOLES" cupos_modulo="1" cupos_necesarios="1" orden_representacion="1" primero_disponible="SI">
			<estado id="2" name="free"/>
			<motivo_bloqueo id="" name=""/>
			<agenda id="3361" name="Agenda Medicina General"/>
			<profesional_cupo id="88176138" tipoID="CC" nombre1="Carlos" nombre2="Eduardo" apellido1="Lozano" apellido2="Lopez"/>
		  </cupo>
		</cupos>  
	</profesional>
	<profesional id="88176137">
		<cupos>
		  <cupo id="3006" fecha="20190726" hora="163000" duracion="30" dia_semana="VIERNES" cupos_modulo="1" cupos_necesarios="1" orden_representacion="1" primero_disponible="SI">
			<estado id="2" name="free"/>
			<motivo_bloqueo id="" name=""/>
			<agenda id="3363" name="Agenda Medicina General"/>
			<profesional_cupo id="88176137" tipoID="CC" nombre1="Nelson" nombre2="" apellido1="Nelson Parada" apellido2=""/>
		  </cupo>
		</cupos>  
	</profesional>
	<profesional id="84476149">
		<cupos>
		  <cupo id="3006" fecha="20190729" hora="110000" duracion="30" dia_semana="LUNES" cupos_modulo="1" cupos_necesarios="1" orden_representacion="1" primero_disponible="SI">
			<estado id="2" name="free"/>
			<motivo_bloqueo id="" name=""/>
			<agenda id="3364" name="Agenda Medicina General"/>
			<profesional_cupo id="84476149" tipoID="CC" nombre1="Julio" nombre2="" apellido1="Julio Peña" apellido2=""/>
		  </cupo>
		</cupos>  
	</profesional>
</profesionales>  