<?xml version="1.0" encoding="utf-8"?>
<prestaciones>
<!--error code="Error01" name="Error. Error interno del sistema."/--> 

	<prestacion id="890228" name="Consulta De Primera Vez Por Especialista En Cardiología">
		<centros>
			<centro id="1100130289-01" name="U.D.S Santa Clara">
				<cupos>
				  <cupo id="1001" fecha="20180824" hora="100000" duracion="30" dia_semana="LUNES" cupos_modulo="1" cupos_necesarios="1" orden_representacion="1" primero_disponible="SI">
					<estado id="free" name="free"/>
					<motivo_bloqueo id="" name=""/>
					<agenda id="1023" name="Dr.  Carlos Lozano"/>
					<profesional_cupo id="88176138" tipoID="CC" nombre1="Carlos" nombre2="" apellido1="Lozano" apellido2=""/>
				  </cupo>
				 </cupos> 
			</centro> 
			<centro id="1100130289-02" name="Centro 2">
				<cupos>
				  <cupo id="1102" fecha="20180822" hora="103000" duracion="30" dia_semana="VIERNES" cupos_modulo="1" cupos_necesarios="1" orden_representacion="1" primero_disponible="SI">
					<estado id="2" name="free"/>
					<motivo_bloqueo id="" name=""/>
					<agenda id="202" name="Agenda Dra Pepito"/>
				  </cupo>
				</cupos> 
			</centro>
			<centro id="1100130294-01" name="U.D.S El Tunal">
				<cupos>
				  <cupo id="1001" fecha="20190804" hora="100000" duracion="30" dia_semana="JUEVES" cupos_modulo="1" cupos_necesarios="1" orden_representacion="1" primero_disponible="SI">
					<estado id="2" name="free"/>
					<motivo_bloqueo id="" name=""/>
					<agenda id="3302" name="Dra.  Angela Florez"/>
					<profesional_cupo id="79333444" tipoID="CC" nombre1="" nombre2="" apellido1="Perez" apellido2=""/>
				  </cupo>
				  <cupo id="1002" fecha="20190804" hora="120000" duracion="30" dia_semana="JUEVES" cupos_modulo="1" cupos_necesarios="1" orden_representacion="1" primero_disponible="SI">
					<estado id="2" name="free"/>
					<motivo_bloqueo id="" name=""/>
					<agenda id="103" name="Agenda Dra Y"/>
				  </cupo>				  
				</cupos> 
			</centro> 
		</centros>
	</prestacion>
	
	<prestacion id="890301" name="Consulta De Control Por Medicina General">
		<centros>
			<centro id="1100130289-30" name="CAPS San Juan de Dios">
				<cupos>
				  <cupo id="2001" fecha="20180809" hora="150000" duracion="30" dia_semana="MARTES" cupos_modulo="1" cupos_necesarios="1" orden_representacion="1" primero_disponible="SI">
					<estado id="free" name="free"/>
					<motivo_bloqueo id="" name=""/>
					<agenda id="5561" name="Dra. Florez Hernandez"/>
					<profesional_cupo id="60176138" tipoID="CC" nombre1="Angela" nombre2="" apellido1="Florez" apellido2="Hernandez"/>
				  </cupo>
				  <cupo id="2002" fecha="20180809" hora="153000" duracion="30" dia_semana="MARTES" cupos_modulo="1" cupos_necesarios="1" orden_representacion="1" primero_disponible="SI">
					<estado id="free" name="free"/>
					<motivo_bloqueo id="" name=""/>
					<agenda id="5561" name="Dra. Florez Hernandez"/>
					<profesional_cupo id="60176138" tipoID="CC" nombre1="Angela" nombre2="" apellido1="Florez" apellido2="Hernandez"/>
				  </cupo>
				  <cupo id="3003" fecha="20180809" hora="16000" duracion="30" dia_semana="MARTES" cupos_modulo="1" cupos_necesarios="1" orden_representacion="1" primero_disponible="SI">
					<estado id="free" name="free"/>
					<motivo_bloqueo id="" name=""/>
					<agenda id="5561" name="Dra. Florez Hernandez"/>
					<profesional_cupo id="60176138" tipoID="CC" nombre1="Angela" nombre2="" apellido1="Florez" apellido2="Hernandez"/>
				  </cupo>
				  <cupo id="4004" fecha="20180809" hora="163000" duracion="30" dia_semana="MARTES" cupos_modulo="1" cupos_necesarios="1" orden_representacion="1" primero_disponible="SI">
					<estado id="free" name="free"/>
					<motivo_bloqueo id="" name=""/>
					<agenda id="5561" name="Dra. Florez Hernandez"/>
					<profesional_cupo id="60176138" tipoID="CC" nombre1="Angela" nombre2="" apellido1="Florez" apellido2="Hernandez"/>
				  </cupo>				  
				  <cupo id="4004" fecha="20180812" hora="150000" duracion="30" dia_semana="Lunes" cupos_modulo="1" cupos_necesarios="1" orden_representacion="1" primero_disponible="SI">
					<estado id="free" name="free"/>
					<motivo_bloqueo id="" name=""/>
					<agenda id="5561" name="Dra. Florez Hernandez"/>
					<profesional_cupo id="60176138" tipoID="CC" nombre1="Angela" nombre2="" apellido1="Florez" apellido2="Hernandez"/>
				  </cupo>
				  <cupo id="4004" fecha="20180812" hora="153000" duracion="30" dia_semana="Lunes" cupos_modulo="1" cupos_necesarios="1" orden_representacion="1" primero_disponible="SI">
					<estado id="free" name="free"/>
					<motivo_bloqueo id="" name=""/>
					<agenda id="5561" name="Dra. Florez Hernandez"/>
					<profesional_cupo id="60176138" tipoID="CC" nombre1="Angela" nombre2="" apellido1="Florez" apellido2="Hernandez"/>
				  </cupo>
				  <cupo id="4004" fecha="20180812" hora="16000" duracion="30" dia_semana="Lunes" cupos_modulo="1" cupos_necesarios="1" orden_representacion="1" primero_disponible="SI">
					<estado id="free" name="free"/>
					<motivo_bloqueo id="" name=""/>
					<agenda id="5561" name="Dra. Florez Hernandez"/>
					<profesional_cupo id="60176138" tipoID="CC" nombre1="Angela" nombre2="" apellido1="Florez" apellido2="Hernandez"/>
				  </cupo>
				  <cupo id="4004" fecha="20180812" hora="163000" duracion="30" dia_semana="Lunes" cupos_modulo="1" cupos_necesarios="1" orden_representacion="1" primero_disponible="SI">
					<estado id="free" name="free"/>
					<motivo_bloqueo id="" name=""/>
					<agenda id="5561" name="Dra. Florez Hernandez"/>
					<profesional_cupo id="60176138" tipoID="CC" nombre1="Angela" nombre2="" apellido1="Florez" apellido2="Hernandez"/>
				  </cupo>	
				</cupos>   
			</centro> 
			
			<centro id="1100130289-01" name="U.D.S Santa Clara">
				<cupos>
				  <cupo id="1001" fecha="20180826" hora="163000" duracion="30" dia_semana="VIERNES" cupos_modulo="1" cupos_necesarios="1" orden_representacion="1" primero_disponible="SI">
					<estado id="free" name="free"/>
					<motivo_bloqueo id="" name=""/>
					<agenda id="336" name="Agenda Medicina General"/>
					<profesional_cupo id="88176138" tipoID="CC" nombre1="Carlos" nombre2="Eduardo" apellido1="Lozano" apellido2=""/>
				  </cupo>
				  <cupo id="1002" fecha="20180826" hora="070000" duracion="30" dia_semana="VIERNES" cupos_modulo="1" cupos_necesarios="1" orden_representacion="1" primero_disponible="SI">
					<estado id="free" name="free"/>
					<motivo_bloqueo id="" name=""/>
					<agenda id="3361" name="Agenda Medicina General"/>
					<profesional_cupo id="63291874" tipoID="CC" nombre1="Angela" nombre2="" apellido1="Florez" apellido2=""/>
				  </cupo>
				 </cupos> 
			</centro> 
		</centros>
	</prestacion>
	
	<prestacion id="890380" name="Consulta De Control O De Seguimiento Por Especialista En Ortopedia Y Traumatologia">
		<centros>
			<centro id="1100130294-01" name="U.D.S El Tunal">
				<cupos>
				  <cupo id="1001" fecha="20190805" hora="110000" duracion="30" dia_semana="LUNES" cupos_modulo="1" cupos_necesarios="1" orden_representacion="1" primero_disponible="SI">
					<estado id="free" name="free"/>
					<motivo_bloqueo id="" name=""/>
					<agenda id="7023" name="Dr.  Luis sarmiento"/>
					<profesional_cupo id="89176140" tipoID="CC" nombre1="Luis" nombre2="" apellido1="sarmiento" apellido2=""/>
				  </cupo>
				 </cupos> 
			</centro> 
			
			<centro id="1100130291-32" name="U.D.S Verbenal">
				<cupos>
				  <cupo id="1001" fecha="20190801" hora="110000" duracion="30" dia_semana="JUEVES" cupos_modulo="1" cupos_necesarios="1" orden_representacion="1" primero_disponible="SI">
					<estado id="free" name="free"/>
					<motivo_bloqueo id="" name=""/>
					<agenda id="8023" name="Dr.  William Lopez"/>
					<profesional_cupo id="84476140" tipoID="CC" nombre1="William" nombre2="" apellido1="Lopez" apellido2=""/>
				  </cupo>
				 </cupos> 
			</centro> 
		</centros>
	</prestacion>
	

	
	
	<prestacion id="890201" name="Consulta De Primera Vez Por Medicina General">
		<centros>		
			<centro id="1100130289-30" name="CAPS San Juan de Dios">
				<cupos>
				  <cupo id="1001" fecha="20180809" hora="150000" duracion="30" dia_semana="Viernes" cupos_modulo="1" cupos_necesarios="1" orden_representacion="1" primero_disponible="SI">
					<estado id="free" name="free"/>
					<motivo_bloqueo id="" name=""/>
					<agenda id="4023" name="Dra. Florez Hernandez"/>
					<profesional_cupo id="60176138" tipoID="CC" nombre1="Angela" nombre2="" apellido1="Florez" apellido2="Hernandez"/>
				  </cupo>
				  <cupo id="1001" fecha="20180809" hora="153000" duracion="30" dia_semana="Viernes" cupos_modulo="1" cupos_necesarios="1" orden_representacion="1" primero_disponible="SI">
					<estado id="free" name="free"/>
					<motivo_bloqueo id="" name=""/>
					<agenda id="4023" name="Dra. Florez Hernandez"/>
					<profesional_cupo id="60176138" tipoID="CC" nombre1="Angela" nombre2="" apellido1="Florez" apellido2="Hernandez"/>
				  </cupo>
				  <cupo id="1001" fecha="20180809" hora="16000" duracion="30" dia_semana="Viernes" cupos_modulo="1" cupos_necesarios="1" orden_representacion="1" primero_disponible="SI">
					<estado id="free" name="free"/>
					<motivo_bloqueo id="" name=""/>
					<agenda id="4023" name="Dra. Florez Hernandez"/>
					<profesional_cupo id="60176138" tipoID="CC" nombre1="Angela" nombre2="" apellido1="Florez" apellido2="Hernandez"/>
				  </cupo>
				  <cupo id="1001" fecha="20180809" hora="163000" duracion="30" dia_semana="Viernes" cupos_modulo="1" cupos_necesarios="1" orden_representacion="1" primero_disponible="SI">
					<estado id="free" name="free"/>
					<motivo_bloqueo id="" name=""/>
					<agenda id="4023" name="Dra. Florez Hernandez"/>
					<profesional_cupo id="60176138" tipoID="CC" nombre1="Angela" nombre2="" apellido1="Florez" apellido2="Hernandez"/>
				  </cupo>				  
				 </cupos> 
				 
				<cupos>
				  <cupo id="1001" fecha="20180812" hora="080000" duracion="30" dia_semana="Lunes" cupos_modulo="1" cupos_necesarios="1" orden_representacion="1" primero_disponible="SI">
					<estado id="free" name="free"/>
					<motivo_bloqueo id="" name=""/>
					<agenda id="4023" name="Dra. Florez Hernandez"/>
					<profesional_cupo id="60176138" tipoID="CC" nombre1="Angela" nombre2="" apellido1="Florez" apellido2="Hernandez"/>
				  </cupo>
				  <cupo id="1001" fecha="20180812" hora="083000" duracion="30" dia_semana="Lunes" cupos_modulo="1" cupos_necesarios="1" orden_representacion="1" primero_disponible="SI">
					<estado id="free" name="free"/>
					<motivo_bloqueo id="" name=""/>
					<agenda id="4023" name="Dra. Florez Hernandez"/>
					<profesional_cupo id="60176138" tipoID="CC" nombre1="Angela" nombre2="" apellido1="Florez" apellido2="Hernandez"/>
				  </cupo>
				  <cupo id="1001" fecha="20180812" hora="090000" duracion="30" dia_semana="Lunes" cupos_modulo="1" cupos_necesarios="1" orden_representacion="1" primero_disponible="SI">
					<estado id="free" name="free"/>
					<motivo_bloqueo id="" name=""/>
					<agenda id="4023" name="Dra. Florez Hernandez"/>
					<profesional_cupo id="60176138" tipoID="CC" nombre1="Angela" nombre2="" apellido1="Florez" apellido2="Hernandez"/>
				  </cupo>
				  <cupo id="1001" fecha="20180812" hora="093000" duracion="30" dia_semana="Lunes" cupos_modulo="1" cupos_necesarios="1" orden_representacion="1" primero_disponible="SI">
					<estado id="free" name="free"/>
					<motivo_bloqueo id="" name=""/>
					<agenda id="4023" name="Dra. Florez Hernandez"/>
					<profesional_cupo id="60176138" tipoID="CC" nombre1="Angela" nombre2="" apellido1="Florez" apellido2="Hernandez"/>
				  </cupo>				  
				 </cupos> 				 
			</centro> 
			<centro id="1100130289-01" name="U.D.S Santa Clara">
				<cupos>
				  <cupo id="1001" fecha="20180826" hora="163000" duracion="30" dia_semana="VIERNES" cupos_modulo="1" cupos_necesarios="1" orden_representacion="1" primero_disponible="SI">
					<estado id="free" name="free"/>
					<motivo_bloqueo id="" name=""/>
					<agenda id="336" name="Agenda Medicina General"/>
					<profesional_cupo id="88176138" tipoID="CC" nombre1="Carlos" nombre2="Eduardo" apellido1="Lozano" apellido2=""/>
				  </cupo>
				  <cupo id="1002" fecha="20180826" hora="070000" duracion="30" dia_semana="VIERNES" cupos_modulo="1" cupos_necesarios="1" orden_representacion="1" primero_disponible="SI">
					<estado id="free" name="free"/>
					<motivo_bloqueo id="" name=""/>
					<agenda id="3361" name="Agenda Medicina General"/>
					<profesional_cupo id="63291874" tipoID="CC" nombre1="Angela" nombre2="" apellido1="Florez" apellido2=""/>
				  </cupo>
				 </cupos> 
			</centro> 
			
			<centro id="1100130289-1" name="U.D.S Santa Clara">
				<cupos>
				  <cupo id="1001" fecha="20180822" hora="100000" duracion="30" dia_semana="VIERNES" cupos_modulo="1" cupos_necesarios="1" orden_representacion="1" primero_disponible="SI">
					<estado id="2" name="free"/>
					<motivo_bloqueo id="" name=""/>
					<agenda id="51243" name="Agenda Dra. López Cansado"/>
					<profesional_cupo id="79333444" tipoID="CC" nombre1="" nombre2="" apellido1="Perez" apellido2=""/>
				  </cupo>
				  <cupo id="1002" fecha="20180822" hora="103000" duracion="30" dia_semana="VIERNES" cupos_modulo="1" cupos_necesarios="1" orden_representacion="1" primero_disponible="SI">
					<estado id="2" name="free"/>
					<motivo_bloqueo id="" name=""/>
					<agenda id="51243" name="Agenda Dra. López Cansado"/>
				  </cupo>				  
				</cupos> 
			</centro> 
			<centro id="1100130289-7" name="U.D.S La Victoria 1">
				<cupos>
				  <cupo id="1102" fecha="20180822" hora="103000" duracion="30" dia_semana="VIERNES" cupos_modulo="1" cupos_necesarios="1" orden_representacion="1" primero_disponible="SI">
					<estado id="2" name="free"/>
					<motivo_bloqueo id="" name=""/>
					<agenda id="51246" name="Agenda Medicina General Primera Vez y Seguimiento"/>
				  </cupo>
				</cupos> 
			</centro>
			<centro id="1100130296-9" name="U.D.S 35 Cundinamarca">
				<cupos>
				  <cupo id="1001" fecha="20180822" hora="100000" duracion="30" dia_semana="VIERNES" cupos_modulo="1" cupos_necesarios="1" orden_representacion="1" primero_disponible="SI">
					<estado id="2" name="free"/>
					<motivo_bloqueo id="" name=""/>
					<agenda id="51243" name="Agenda Dra. López Cansado"/>
					<profesional_cupo id="79333444" tipoID="CC" nombre1="" nombre2="" apellido1="Perez" apellido2=""/>
				  </cupo>
				  <cupo id="1002" fecha="20180822" hora="103000" duracion="30" dia_semana="VIERNES" cupos_modulo="1" cupos_necesarios="1" orden_representacion="1" primero_disponible="SI">
					<estado id="2" name="free"/>
					<motivo_bloqueo id="" name=""/>
					<agenda id="51243" name="Agenda Dra. López Cansado"/>
				  </cupo>				  
				</cupos> 
			</centro>  	
			<centro id="1100130296-11" name="U.D.S 37 Pio XII">
				<cupos>
				  <cupo id="1001" fecha="20180822" hora="100000" duracion="30" dia_semana="VIERNES" cupos_modulo="1" cupos_necesarios="1" orden_representacion="1" primero_disponible="SI">
					<estado id="2" name="free"/>
					<motivo_bloqueo id="" name=""/>
					<agenda id="51243" name="Agenda Dra. López Cansado"/>
					<profesional_cupo id="79333444" tipoID="CC" nombre1="" nombre2="" apellido1="Perez" apellido2=""/>
				  </cupo>
				  <cupo id="1002" fecha="20180822" hora="103000" duracion="30" dia_semana="VIERNES" cupos_modulo="1" cupos_necesarios="1" orden_representacion="1" primero_disponible="SI">
					<estado id="2" name="free"/>
					<motivo_bloqueo id="" name=""/>
					<agenda id="51243" name="Agenda Dra. López Cansado"/>
				  </cupo>				  
				</cupos> 
			</centro> 				
			<centro id="1100130294-3" name="1100130294-3">
				<cupos>
				  <cupo id="10012" fecha="20190502" hora="100000" duracion="30" dia_semana="VIERNES" cupos_modulo="1" cupos_necesarios="1" orden_representacion="1" primero_disponible="SI">
					<estado id="2" name="free"/>
					<motivo_bloqueo id="" name=""/>
					<agenda id="10012" name="Agenda Medicina General"/>
					<profesional_cupo id="52333178" tipoID="CC" nombre1="Luis" nombre2="Mariano" apellido1="Cortijos" apellido2="Mohedano"/>
				  </cupo>
				  <cupo id="1002" fecha="20190522" hora="103000" duracion="30" dia_semana="VIERNES" cupos_modulo="1" cupos_necesarios="1" orden_representacion="1" primero_disponible="SI">
					<estado id="2" name="free"/>
					<motivo_bloqueo id="" name=""/>
					<agenda id="10012" name="Agenda Medicina General"/>
				  </cupo>				  
				</cupos> 
			</centro> 			
		</centros>
	</prestacion>
	
	<prestacion id="123" name="">
		<centros>
			<centro id="123" name="Centro 1">
				<cupos>
				  <cupo id="1301" fecha="20180822" hora="100000" duracion="" dia_semana="" cupos_modulo="" cupos_necesarios="" orden_representacion="" primero_disponible="">
					<estado id="1001" name=""/>
					<motivo_bloqueo id="1001" name="agenda 1"/>
					<agenda id="1001" name=""/>
				  </cupo>
				</cupos>
			</centro> 
			<centro id="245" name="">
				<cupos>
				  <cupo id="1001" fecha="20180822" hora="100000" duracion="" dia_semana="" cupos_modulo="" cupos_necesarios="" orden_representacion="" primero_disponible="">
					<estado id="1001" name=""/>
					<motivo_bloqueo id="1001" name=""/>
					<agenda id="1003" name=""/>
				  </cupo>
				</cupos> 
			</centro> 			
		</centros>
	</prestacion>	
	
	<prestacion id="890203" name="Consulta De Primera Vez Por Odontología General">
		<cupos>
		  <cupo id="1003" fecha="20190411" hora="080000" duracion="30" dia_semana="JUEVES" cupos_modulo="1" cupos_necesarios="1" orden_representacion="1" primero_disponible="SI">
			<estado id="2" name="free"/>
			<motivo_bloqueo id="" name=""/>
			<agenda id="101" name="Agenda Odontología General"/>
			<profesional_cupo id="52333114" tipoID="CC" nombre1="" nombre2="" apellido1="Perez" apellido2=""/>
		  </cupo>
		  <cupo id="1004" fecha="20190506" hora="083000" duracion="30" dia_semana="LUNES" cupos_modulo="1" cupos_necesarios="1" orden_representacion="1" primero_disponible="NO">
			<estado id="2" name="free"/>
			<motivo_bloqueo id="" name=""/>
			<agenda id="102" name="Agenda Odontología General"/>
		  </cupo>
		  <cupo id="1005" fecha="20190515" hora="163000" duracion="30" dia_semana="MIERCOLES" cupos_modulo="1" cupos_necesarios="1" orden_representacion="1" primero_disponible="NO">
			<estado id="2" name="free"/>
			<motivo_bloqueo id="" name=""/>
			<agenda id="102" name="Agenda Odontología General"/>
		  </cupo>
		</cupos>  
	</prestacion>
	
	<prestacion id="890303" name="Consulta De Control Por Especialista En Odontología">
		<cupos>
		  <cupo id="1003" fecha="20190411" hora="080000" duracion="30" dia_semana="JUEVES" cupos_modulo="1" cupos_necesarios="1" orden_representacion="1" primero_disponible="SI">
			<estado id="2" name="free"/>
			<motivo_bloqueo id="" name=""/>
			<agenda id="101" name="Agenda Odontología General"/>
			<profesional_cupo id="52333114" tipoID="CC" nombre1="" nombre2="" apellido1="Perez" apellido2=""/>
		  </cupo>
		  <cupo id="1004" fecha="20190506" hora="083000" duracion="30" dia_semana="LUNES" cupos_modulo="1" cupos_necesarios="1" orden_representacion="1" primero_disponible="NO">
			<estado id="2" name="free"/>
			<motivo_bloqueo id="" name=""/>
			<agenda id="102" name="Agenda Odontología General"/>
		  </cupo>
		  <cupo id="1005" fecha="20190515" hora="163000" duracion="30" dia_semana="MIERCOLES" cupos_modulo="1" cupos_necesarios="1" orden_representacion="1" primero_disponible="NO">
			<estado id="2" name="free"/>
			<motivo_bloqueo id="" name=""/>
			<agenda id="102" name="Agenda Odontología General"/>
		  </cupo>
		</cupos>  
	</prestacion>
	
	<prestacion id="890283" name="Consulta De Primera Vez Por Especialista en Pediatría">
	<centros>
		<centro id="1100130296-8" name="U.D.S 30 Bomberos">
		<cupos>
		  <cupo id="1103" fecha="20190411" hora="090000" duracion="30" dia_semana="JUEVES" cupos_modulo="1" cupos_necesarios="1" orden_representacion="1" primero_disponible="SI">
			<estado id="2" name="free"/>
			<motivo_bloqueo id="" name=""/>
			<agenda id="6126675" name="Agenda Pediatría"/>
			<profesional_cupo id="78254145" tipoID="CC" nombre1="Michael" apellido1="López" apellido2="Ibor"/>
		  </cupo>
		  <cupo id="1104" fecha="20190506" hora="083000" duracion="30" dia_semana="LUNES" cupos_modulo="1" cupos_necesarios="1" orden_representacion="1" primero_disponible="SI">
			<estado id="2" name="free"/>
			<motivo_bloqueo id="" name=""/>
			<agenda id="6126675" name="Agenda Pediatría"/>
		  </cupo>
		 </cupos>  
		</centro> 
		</centros>		
	</prestacion>
	
	<prestacion id="890383" name="Consulta De Control Por Especialista En Pediatría">
	<centros>
		<centro id="1100130296-8" name="U.D.S 30 Bomberos">
			<cupos>
			  <cupo id="1103" fecha="20190411" hora="090000" duracion="30" dia_semana="JUEVES" cupos_modulo="1" cupos_necesarios="1" orden_representacion="1" primero_disponible="SI">
				<estado id="2" name="free"/>
				<motivo_bloqueo id="" name=""/>
				<agenda id="6126675" name="Agenda Pediatría"/>
				<profesional_cupo id="78254145" tipoID="CC" nombre1="Michael" apellido1="López" apellido2="Ibor"/>
			  </cupo>
			  <cupo id="1104" fecha="20190506" hora="083000" duracion="30" dia_semana="LUNES" cupos_modulo="1" cupos_necesarios="1" orden_representacion="1" primero_disponible="SI">
				<estado id="2" name="free"/>
				<motivo_bloqueo id="" name=""/>
				<agenda id="6126675" name="Agenda Pediatría"/>
			  </cupo>
			 </cupos>  
		</centro> 
	</centros>		
	</prestacion>
	
	<prestacion id="890250" name="Consulta De Primera Vez Por Especialista En Ginecologia Y Obstetricia">
	<centros>
		<centro id="1100130291-32" name="U.D.S Verbenal">
		<cupos>
		  <cupo id="1103" fecha="20190512" hora="090000" duracion="30" dia_semana="JUEVES" cupos_modulo="1" cupos_necesarios="1" orden_representacion="1" primero_disponible="SI">
			<estado id="2" name="free"/>
			<motivo_bloqueo id="" name=""/>
			<agenda id="989625" name="Agenda Ginecobstetricia"/>
			<profesional_cupo id="21054231" tipoID="CC" nombre1="María" apellido1="Moya" apellido2="Contreras"/>
		  </cupo>
		  <cupo id="1104" fecha="20190506" hora="083000" duracion="30" dia_semana="LUNES" cupos_modulo="1" cupos_necesarios="1" orden_representacion="1" primero_disponible="SI">
			<estado id="2" name="free"/>
			<motivo_bloqueo id="" name=""/>
			<agenda id="989625" name="Agenda Ginecobstetricia"/>
		  </cupo>
		 </cupos>  
		</centro> 
		</centros>		
	</prestacion>
	
	<prestacion id="890350" name="Consulta De Control Por Especialista En Ginecología y Obstetricia">
		<centros>
			<centro id="1100130291-32" name="U.D.S Verbenal">
			<cupos>
			  <cupo id="1103" fecha="20180819" hora="090000" duracion="30" dia_semana="JUEVES" cupos_modulo="1" cupos_necesarios="1" orden_representacion="1" primero_disponible="SI">
				<estado id="2" name="free"/>
				<motivo_bloqueo id="" name=""/>
				<agenda id="989625" name="Agenda Ginecobstetricia"/>
				<profesional_cupo id="21054231" tipoID="CC" nombre1="María" apellido1="Moya" apellido2="Contreras"/>
			  </cupo>
			 </cupos>  
			</centro> 
		</centros>		
	</prestacion>

</prestaciones>