<subred id="1100130296" nombre="Subred Sur Occidente E.S.E.">
<!--error nack="AE" code="Error05" name="Error interno Subred SUR OCCIDENTE"/-->

	<agenda id="33341" nombre="Dra.  Angela Florez">
			<centro id="1100130296-25" nombre="U.D.S Fontibon"></centro>
			<servicio id="328" nombre="Medicina General"></servicio>
			<profesionalAgenda id="60176138" tipoId="CC" nombre1="Angela" nombre2="" apellido1="Florez" apellido2=""></profesionalAgenda>
			<prestacion id="890301" nombre="Consulta De Control O De Seguimiento Por Medicina General">
				<autorizacion id="N" nombre="No requiere autorización" />
			</prestacion>		 	
	</agenda>

	<agenda id="329" nombre="Agenda Medicina Interna">
		<centro id="1100130294-10" nombre="U.D.S San Benito"></centro>
		<servicio id="329" nombre="Medicina Interna"></servicio>
		<profesionalAgenda id="7000021" tipoId="CC" nombre1="Carlos" nombre2="Roberto" apellido1="Luna" apellido2="Blanco"></profesionalAgenda>
		<prestacion id="890266" nombre="Consulta De Primera Vez Por Especialista En Medicina Interna">
			<autorizacion id="A" nombre="Requiere autorización generable automáticamente" />
		</prestacion>		
	</agenda> 
	<agenda id="3281" nombre="Agenda Medicina General">
		<centro id="1100130294-11" nombre="U.D.S Isla Del Sol"></centro>
		<servicio id="328" nombre="Medicina General"></servicio>
		<profesionalAgenda id="7000014" tipoId="CC" nombre1="Armando" nombre2="José" apellido1="Castellanos" apellido2="Vera"></profesionalAgenda>
		<prestacion id="890201" nombre="Consulta De Primera Vez Por Medicina General">
			<autorizacion id="N" nombre="No requiere autorización" />
		</prestacion>		 	
	</agenda>
	<!--agenda id="3282" nombre="Agenda Medicina General">
		<centro id="1100130294-16" nombre="U.D.S La Estrella"></centro>
		<servicio id="328" nombre="Medicina General"></servicio>
		<profesionalAgenda id="7000015" tipoId="CC" nombre1="Tania" nombre2="Abril" apellido1="Robledo" apellido2="Guzman"></profesionalAgenda>
		<prestacion id="890201" nombre="Consulta De Primera Vez Por Medicina General">
			<autorizacion id="N" nombre="No requiere autorización" />
		</prestacion>		 	
	</agenda-->
	<agenda id="3021" nombre="Agenda Cardiología">
		<centro id="1100130294-12" nombre="U.D.S Amb - Abraham Lincon"></centro>
		<servicio id="302" nombre="Cardiología"></servicio>
		<profesionalAgenda id="7000004" tipoId="CC" nombre1="José" nombre2="" apellido1="Pereira" apellido2=""></profesionalAgenda>
		<prestacion id="890228" nombre="Consulta De Primera Vez Por Especialista En Cardiología">
			<autorizacion id="P" nombre="Requiere autorización previa" />
		</prestacion>		
	</agenda>
	<agenda id="3022" nombre="Agenda Cardiología">
		<centro id="1100130294-17" nombre="U.D.S Pasquilla"></centro>
		<servicio id="302" nombre="Cardiología"></servicio>
		<profesionalAgenda id="7000004" tipoId="CC" nombre1="José" nombre2="" apellido1="Pereira" apellido2=""></profesionalAgenda>
		<prestacion id="890228" nombre="Consulta De Primera Vez Por Especialista En Cardiología">
			<autorizacion id="P" nombre="Requiere autorización previa" />
		</prestacion>		
	</agenda>
	<agenda id="3282" nombre="Agenda Medicina Familiar">
		<centro id="1100130294-13" nombre="U.D.S Jerusalen"></centro>
		<servicio id="325" nombre="Medicina Familiar"></servicio>
		<profesionalAgenda id="7000009" tipoId="CC" nombre1="Pedro" nombre2="Leonel" apellido1="Lozano" apellido2="Ruiz"></profesionalAgenda>
		<prestacion id="890263" nombre="Consulta De Primera Vez Por Especialista En Medicina Familiar">
			<autorizacion id="N" nombre="No requiere autorización" />
		</prestacion>		 	
	</agenda>
	<agenda id="339" nombre="Agenda Ortopedía y/o Traumatología">
		<centro id="1100130294-14" nombre="U.D.S Manuela Beltran I"></centro>
		<servicio id="339" nombre="Ortopedia y/o Traumatología"></servicio>
		<profesionalAgenda id="7000028" tipoId="CC" nombre1="Alvaro" nombre2="José" apellido1="Peralta" apellido2="Ramirez"></profesionalAgenda>
		<prestacion id="890280" nombre="Consulta De Primera Vez Por Especialista En Ortopedia Y Traumatologia">
			<autorizacion id="P" nombre="Requiere autorización previa" />
		</prestacion>		
	</agenda>
	<agenda id="334" nombre="Agenda Odontología General">
		<centro id="1100130294-15" nombre="U.D.S Candelaria I"></centro>
		<servicio id="334" nombre="Odontología General"></servicio>
		<profesionalAgenda id="7000024" tipoId="CC" nombre1="Miriam" apellido1="Rangel" apellido2="Berbesí"></profesionalAgenda>
		<prestacion id="890203" nombre="Consulta De Primera Vez Por Odontología General">
			<autorizacion id="N" nombre="No requiere autorización" />
		</prestacion>			
	</agenda>
</subred>