<subred id="1100130294" nombre="Subred Sur E.S.E.">
<!--error nack="AE" code="Error05" name="Error interno Subred SUR"/-->

<!--agenda id="3291" nombre="Dr.  Luis Sarmiento">
		<centro id="1100130294-01" nombre="U.D.S 01 El Tunal"></centro>
		<servicio id="339" nombre="Ortopedia y/o Traumatología"></servicio>
		<profesionalAgenda id="89176140" tipoId="CC" nombre1="Luis" nombre2="" apellido1="Sarmiento" apellido2=""></profesionalAgenda>
		<prestacion id="890380" nombre="Consulta De Control O De Seguimiento Por Especialista En Ortopedia Y Traumatologia">
			<autorizacion id="P" nombre="Requiere autorización previa" />
		</prestacion>		
</agenda--> 	

<agenda id="3281" nombre="Agenda Medicina General">
		<centro id="1100130296-11" nombre="U.D.S 37 Pio XII"></centro>
		<servicio id="328" nombre="Medicina General"></servicio>
		<profesionalAgenda id="7000016" tipoId="CC" nombre1="Sara" nombre2="María" apellido1="Corrales" apellido2="Fuentes"></profesionalAgenda>
		<prestacion id="890201" nombre="Consulta De Primera Vez Por Medicina General">
			<autorizacion id="N" nombre="No requiere autorización" />
		</prestacion>		 	
</agenda>
<agenda id="3282" nombre="Agenda Medicina General">
		<centro id="1100130296-16" nombre="U.D.S 68 Britalia"></centro>
		<servicio id="328" nombre="Medicina General"></servicio>
		<profesionalAgenda id="7000017" tipoId="CC" nombre1="Olga" nombre2="Lucia" apellido1="Tolosa" apellido2="Villa"></profesionalAgenda>
		<prestacion id="890201" nombre="Consulta De Primera Vez Por Medicina General">
			<autorizacion id="N" nombre="No requiere autorización" />
		</prestacion>		 	
</agenda>
<agenda id="3021" nombre="Agenda Cardiología">
		<centro id="1100130296-12" nombre="U.D.S 50 Mexicana"></centro>
		<servicio id="302" nombre="Cardiología"></servicio>
		<profesionalAgenda id="7000005" tipoId="CC" nombre1="Dolly" nombre2="" apellido1="Leguizamon" apellido2=""></profesionalAgenda>
		<prestacion id="890228" nombre="Consulta De Primera Vez Por Especialista En Cardiología">
			<autorizacion id="P" nombre="Requiere autorización previa" />
		</prestacion>		
</agenda>
<agenda id="3021" nombre="Agenda Cardiología">
		<centro id="1100130296-17" nombre="U.D.S 72 Argelia"></centro>
		<servicio id="302" nombre="Cardiología"></servicio>
		<profesionalAgenda id="7000005" tipoId="CC" nombre1="Dolly" nombre2="" apellido1="Leguizamon" apellido2=""></profesionalAgenda>
		<prestacion id="890228" nombre="Consulta De Primera Vez Por Especialista En Cardiología">
			<autorizacion id="P" nombre="Requiere autorización previa" />
		</prestacion>		
</agenda>
<agenda id="328" nombre="Agenda Medicina Familiar">
		<centro id="1100130296-13" nombre="U.D.S 60 Vision De Colombia"></centro>
		<servicio id="325" nombre="Medicina Familiar"></servicio>
		<profesionalAgenda id="7000010" tipoId="CC" nombre1="Jorge" nombre2="Enrique" apellido1="Lopez" apellido2="Florez"></profesionalAgenda>
		<prestacion id="890263" nombre="Consulta De Primera Vez Por Especialista En Medicina Familiar">
			<autorizacion id="N" nombre="No requiere autorización" />
		</prestacion>		 	
</agenda>
<agenda id="339" nombre="Agenda Ortopedía y/o Traumatología">
		<centro id="1100130296-14" nombre="U.D.S 63 Alqueria"></centro>
		<servicio id="339" nombre="Ortopedia y/o Traumatología"></servicio>
		<profesionalAgenda id="7000029" tipoId="CC" nombre1="Lidia" nombre2="Abigail" apellido1="Rupell" apellido2="Mustafa"></profesionalAgenda>
		<prestacion id="890280" nombre="Consulta De Primera Vez Por Especialista En Ortopedia Y Traumatologia">
			<autorizacion id="P" nombre="Requiere autorización previa" />
		</prestacion>		
</agenda>
<agenda id="334" nombre="Agenda Odontología General">
		<centro id="1100130296-15" nombre="U.D.S 65 Dindalito"></centro>
		<servicio id="334" nombre="Odontología General"></servicio>
		<profesionalAgenda id="7000025" tipoId="CC" nombre1="Maria" apellido1="Madrid" apellido2="Mosquera"></profesionalAgenda>
		<prestacion id="890203" nombre="Consulta De Primera Vez Por Odontología General">
			<autorizacion id="N" nombre="No requiere autorización" />
		</prestacion>			
</agenda>
<agenda id="3361" nombre="Agenda Medicina General">
		<centro id="1100130294-01" nombre="U.D.S El Tunal"></centro> 
		<servicio id="328" nombre="Medicina General"></servicio>
		<profesionalAgenda id="88176138" tipoId="CC" nombre1="Carlos" nombre2="Eduardo" apellido1="Carlos Lozano" apellido2=""></profesionalAgenda>
		<prestacion id="890301" nombre="Consulta De Control Por Medicina General">
			<autorizacion id="A" nombre="Requiere autorización generable automáticamente" />
		</prestacion>		 	
</agenda>
<agenda id="3363" nombre="Agenda Medicina General">
		<centro id="1100130294-16" nombre="U.D.S La Estrella"></centro>
		<servicio id="328" nombre="Medicina General"></servicio>
		<profesionalAgenda id="88176137" tipoId="CC" nombre1="Nelson" nombre2="Parada" apellido1="Nelson Parada" apellido2=""></profesionalAgenda>
		<prestacion id="890301" nombre="Consulta De Control Por Medicina General">
			<autorizacion id="A" nombre="Requiere autorización generable automáticamente" />
		</prestacion>		 	
</agenda>
<agenda id="3364" nombre="Agenda Medicina General">
		<centro id="1100130294-02" nombre="U.D.S Meissen"></centro>
		<servicio id="328" nombre="Medicina General"></servicio>
		<profesionalAgenda id="84476149" tipoId="CC" nombre1="Julio" nombre2="" apellido1="Julio Peña" apellido2=""></profesionalAgenda>
		<prestacion id="890301" nombre="Consulta De Control Por Medicina General">
			<autorizacion id="A" nombre="Requiere autorización generable automáticamente" />
		</prestacion>		 	
</agenda>
</subred>