<subred id="1100130289" nombre="Subred Centro Oriente E.S.E.">
<!--error nack="AE" code="Error05" name="Error interno Subred CENTRO ORIENTE"/-->


<!--estas prestaciones son para el evento en la alcaldia-->
<agenda id="4023" nombre="Dra. Florez Hernandez">
		<centro id="1100130289-30" nombre="CAPS San Juan de Dios"></centro>
		<servicio id="328" nombre="Medicina General"></servicio>
		<profesionalAgenda id="60176138" tipoId="CC" nombre1="Angela" nombre2="" apellido1="Florez" apellido2="Hernandez"></profesionalAgenda>
		<prestacion id="890201" nombre="Consulta De Primera Vez Por Medicina General">
			<autorizacion id="N" nombre="No requiere autorización" />
		</prestacion>		 	
</agenda>
<agenda id="5561" nombre="Dra. Florez Hernandez">
		<centro id="1100130289-30" nombre="CAPS San Juan de Dios"></centro>
		<servicio id="328" nombre="Medicina General"></servicio>
		<profesionalAgenda id="60176138" tipoId="CC" nombre1="Angela" nombre2="" apellido1="Florez" apellido2="Hernandez"></profesionalAgenda>
		<prestacion id="890301" nombre="Consulta De Control Por Medicina General">
			<autorizacion id="A" nombre="Requiere autorización generable automáticamente" />
		</prestacion>		 	
</agenda>



<agenda id="3291" nombre="Agenda Medicina Interna">
		<centro id="1100130289-15" nombre="U.D.S Perseverancia"></centro>
		<servicio id="329" nombre="Medicina Interna"></servicio>
		<profesionalAgenda id="7000018" tipoId="CC" nombre1="Esteban" nombre2="Yamid" apellido1="Chavez" apellido2="Martínez"></profesionalAgenda>
		<prestacion id="890266" nombre="Consulta De Primera Vez Por Especialista En Medicina Interna">
			<autorizacion id="A" nombre="Requiere autorización generable automáticamente" />
		</prestacion>		
</agenda> 

<agenda id="3292" nombre="Agenda Medicina Interna">
		<centro id="1100130289-16" nombre="U.D.S Samper Mendoza"></centro>
		<servicio id="329" nombre="Medicina Interna"></servicio>
		<profesionalAgenda id="7000019" tipoId="CC" nombre1="Manuel" nombre2="Arturo" apellido1="Lima" apellido2="Rodriguez"></profesionalAgenda>
		<prestacion id="890266" nombre="Consulta De Primera Vez Por Especialista En Medicina Interna">
			<autorizacion id="A" nombre="Requiere autorización generable automáticamente" />
		</prestacion>		
</agenda>	

<!--agenda id="74523" nombre="Dr.  Carlos Lozano">
		<centro id="1100130289-01" nombre="U.D.S Santa Clara"></centro>
		<servicio id="302" nombre="Cardiología"></servicio>
		<profesionalAgenda id="88176138" tipoId="CC" nombre1="Carlos" nombre2="" apellido1="Lozano" apellido2=""></profesionalAgenda>
		<prestacion id="890228" nombre="Consulta De Primera Vez Por Especialista En Cardiología">
			<autorizacion id="P" nombre="Requiere autorización previa" />
		</prestacion>		
</agenda-->
<agenda id="328" nombre="Agenda Medicina Familiar">
		<centro id="1100130289-11" nombre="U.D.S Cruces"></centro>
		<servicio id="325" nombre="Medicina Familiar"></servicio>
		<profesionalAgenda id="7000007" tipoId="CC" nombre1="Nelson" nombre2="Eduardo" apellido1="Mendez" apellido2="Leal"></profesionalAgenda>
		<prestacion id="890263" nombre="Consulta De Primera Vez Por Especialista En Medicina Familiar">
			<autorizacion id="N" nombre="No requiere autorización" />
		</prestacion>		 	
</agenda>
<agenda id="339" nombre="Agenda Ortopedía y/o Traumatología">
		<centro id="1100130289-12" nombre="U.D.S La Fayette"></centro>
		<servicio id="339" nombre="Ortopedia y/o Traumatología"></servicio>
		<profesionalAgenda id="7000026" tipoId="CC" nombre1="Ernesto" nombre2="Alirio" apellido1="Angulo" apellido2="Bautista"></profesionalAgenda>
		<prestacion id="890280" nombre="Consulta De Primera Vez Por Especialista En Ortopedia Y Traumatologia">
			<autorizacion id="P" nombre="Requiere autorización previa" />
		</prestacion>		
</agenda>
<agenda id="334" nombre="Agenda Odontología General">
		<centro id="1100130289-13" nombre="U.D.S Laches"></centro>
		<servicio id="334" nombre="Odontología General"></servicio>
		<profesionalAgenda id="7000022" tipoId="CC" nombre1="Adriana" apellido1="Carreño" apellido2="Ortiz"></profesionalAgenda>
		<prestacion id="890203" nombre="Consulta De Primera Vez Por Odontología General">
			<autorizacion id="N" nombre="No requiere autorización" />
		</prestacion>			
	</agenda>
	<agenda id="3361" nombre="Agenda Medicina General">
		<centro id="1100130289-01" nombre="U.D.S Santa Clara"></centro>
		<servicio id="328" nombre="Medicina General"></servicio>
		<profesionalAgenda id="88176138" tipoId="CC" nombre1="Carlos" nombre2="Eduardo" apellido1="Carlos Lozano" apellido2=""></profesionalAgenda>
		<prestacion id="890301" nombre="Consulta De Control Por Medicina General">
			<autorizacion id="A" nombre="Requiere autorización generable automáticamente" />
		</prestacion>		 	
	</agenda>
</subred>