<subred id="1100130291" nombre="Subred Norte E.S.E">
<error nack="AE" code="Error05" name="Error interno Subred NORTE"/>

	<agenda id="77781" nombre="Dr.  William Lopez">
		<centro id="1100130291-32" nombre="U.D.S Verbenal"></centro>
		<servicio id="339" nombre="Ortopedia y/o Traumatología"></servicio>
		<profesionalAgenda id="84476140" tipoId="CC" nombre1="William" nombre2="" apellido1="Lopez" apellido2=""></profesionalAgenda>
		<prestacion id="890380" nombre="Consulta De Control O De Seguimiento Por Especialista En Ortopedia Y Traumatologia">
			<autorizacion id="P" nombre="Requiere autorización previa" />
		</prestacion>		 	
	</agenda>
	
	<agenda id="329" nombre="Agenda Medicina Interna">
		<centro id="1100130291-1" nombre="U.D.S Simón Bolívar"></centro>
		<servicio id="329" nombre="Medicina Interna"></servicio>
		<profesionalAgenda id="7000020" tipoId="CC" nombre1="María" nombre2="Esther" apellido1="Moya" apellido2="Contreras"></profesionalAgenda>
		<prestacion id="890266" nombre="Consulta De Primera Vez Por Especialista En Medicina Interna">
			<autorizacion id="A" nombre="Requiere autorización generable automáticamente" />
		</prestacion>		
	</agenda> 

	<agenda id="3282" nombre="Agenda Medicina General">
		<centro id="1100130291-17" nombre="U.D.S Prado Veraniego"></centro>
		<servicio id="328" nombre="Medicina General"></servicio>
		<profesionalAgenda id="7000013" tipoId="CC" nombre1="Cristina" nombre2="Sofia" apellido1="Rubiano" apellido2="Buendia"></profesionalAgenda>
		<prestacion id="890201" nombre="Consulta De Primera Vez Por Medicina General">
			<autorizacion id="N" nombre="No requiere autorización" />
		</prestacion>		 	
	</agenda>
	<agenda id="302" nombre="Agenda Cardiología">
		<centro id="1100130291-12" nombre="U.D.S Alamos"></centro>
		<servicio id="302" nombre="Cardiología"></servicio>
		<profesionalAgenda id="7000003" tipoId="CC" nombre1="Meri" nombre2="Teresa" apellido1="Tellez" apellido2="Caicedo"></profesionalAgenda>
		<prestacion id="890228" nombre="Consulta De Primera Vez Por Especialista En Cardiología">
			<autorizacion id="P" nombre="Requiere autorización previa" />
		</prestacion>		
	</agenda>
	<agenda id="3282" nombre="Agenda Medicina Familiar">
		<centro id="1100130291-13" nombre="U.D.S Española"></centro>
		<servicio id="325" nombre="Medicina Familiar"></servicio>
		<profesionalAgenda id="7000008" tipoId="CC" nombre1="Ronaldo" nombre2="Camilo" apellido1="Perez" apellido2="Roman"></profesionalAgenda>
		<prestacion id="890263" nombre="Consulta De Primera Vez Por Especialista En Medicina Familiar">
			<autorizacion id="N" nombre="No requiere autorización" />
		</prestacion>		 	
	</agenda>
	<agenda id="325" nombre="Agenda Medicina Familiar">
		<centro id="1100130291-14" nombre="U.D.S Ct Serv Especializado"></centro>
		<servicio id="325" nombre="Medicina Familiar"></servicio>
		<profesionalAgenda id="7000008" tipoId="CC" nombre1="Ronaldo" nombre2="Camilo" apellido1="Perez" apellido2="Roman"></profesionalAgenda>
		<prestacion id="890263" nombre="Consulta De Primera Vez Por Especialista En Medicina Familiar">
			<autorizacion id="N" nombre="No requiere autorización" />
		</prestacion>		 	
	</agenda>
	<agenda id="334" nombre="Agenda Odontología General">
		<centro id="1100130291-16" nombre="U.D.S Gaitana I"></centro>
		<servicio id="334" nombre="Odontología General"></servicio>
		<profesionalAgenda id="7000023" tipoId="CC" nombre1="Mikel" apellido1="López" apellido2="Ibor"></profesionalAgenda>
		<prestacion id="890203" nombre="Consulta De Primera Vez Por Odontología General">
			<autorizacion id="N" nombre="No requiere autorización" />
		</prestacion>			
	</agenda>
	<agenda id="339" nombre="Agenda Ortopedía y/o Traumatología">
		<centro id="1100130291-15" nombre="U.D.S Suba"></centro>
		<servicio id="339" nombre="Ortopedia y/o Traumatología"></servicio>
		<profesionalAgenda id="7000027" tipoId="CC" nombre1="Ana" nombre2="Cristina" apellido1="Castillo" apellido2="Duque"></profesionalAgenda>
		<prestacion id="890280" nombre="Consulta De Primera Vez Por Especialista En Ortopedia Y Traumatologia">
			<autorizacion id="P" nombre="Requiere autorización previa" />
		</prestacion>		
	</agenda>
</subred>