<?xml version="1.0" encoding="UTF-8"?>
<notificacion>
	<enviarEmail value="true"/>
	<enviarSMS value="true"/>
	<emailTemplate>
		<html>
			<body>
				<table border="0" width="80%" align="center">
					<tr align="justify"><td style = "border: inset 0pt" > 
									<p align="center"><img src='https://bogotadigital.saludcapital.gov.co/desktop-hd/assets/img/email/Banner_SaludDigital.jpg'/></p> 
									<br/><h3>Estimado(a): <nombre>Pepito</nombre>, <apellido>Perez</apellido></h3>  
									<p>Le fue asignada la siguiente cita:</p> 
									<p><strong>Especialidad: </strong> <especialidad>Endocrinológo</especialidad></p> 
									<p><strong>Fecha: </strong> <fecha>29/04/2019</fecha></p> 
									<p><strong>Subred: </strong> <subred>Norte</subred></p> 
									<p><strong>Centro: </strong> <centro>USS Simón Bolivar </centro></p> 
									<p><strong>Ubicación: </strong> <ubicacion>Cl. 165 #06, Bogotá</ubicacion> <br/><br/> </p> 
									<p align="center"> <img src="https://bogotadigital.saludcapital.gov.co/desktop-hd/assets/img/email/pie_pagina.jpg"/>
									</p>
					</td>
					</tr>
				</table>
			</body>
		</html>
	</emailTemplate>
	<smsTemplate>
		<mensaje value="Estimado(a): (nombre), (apellido) Le fue asignada la cita de: (especialidad) Fecha: (fecha) Centro: (centro)"/>
	</smsTemplate>
</notificacion>