<?xml version="1.0" encoding="UTF-8"?>
<!-- XML que indica los catalogos que se cargan en un HashMap -->
<e-receta>
	<localOntology>
		<!-- Ruta de la consulta !-->
		<!-- En el servidor !-->
		<route value="http://127.0.0.1:22201/ontology/ValueSet/" />
		<catalogs>
			<!-- Sedes SubRedes !-->
			<catalogue name="OID sedes" code="AGCC_OIDSD" detail="Catalogo de sedes activas"/>
			<!-- Aplicaciones !-->
			<catalogue name="Aplicaciones" code="AGCC_APLI" detail="Aplicacion o Sistema que Accede al Portal de agendamiento Citas"/>
			<!-- Estado de la cita !-->
			<catalogue name="ESTADO_DE_LA_CITA " code="AGCC_ECIT" detail="Catalogo con el estado de una cita en agendamiento"/>
			<!-- OID SubRedes !-->
			<catalogue name="OID_ SUBREDES " code="AGCC_OIDSR" detail="Catalogo de identificacion Sub Redes"/>
			<!-- Servicios Habilitados !-->
			<catalogue name="SERVICIOS_HABILITADOS" code="AGCC_SHAB" detail="Catalogo de REPS servicios habiltados"/>
		</catalogs>
	</localOntology>
</e-receta>