<?xml version="1.0" encoding="utf-8"?>
<prestaciones>
	<prestacion id="890201" name="Consulta De Primera Vez Por Medicina General"/>
	<prestacion id="890301" name="Consulta De Control O De Seguimiento Por Medicina General"/>
	<prestacion id="890283" name="Consulta De Primera Vez Por Especialista En Pediatria"/>
	<prestacion id="890383" name="Consulta De Control O De Seguimiento Por Especialista En Pediatria"/>
	<prestacion id="890250" name="Consulta De Primera Vez Por Especialista En Ginecologia Y Obstetricia"/>
	<prestacion id="890350" name="Consulta De Control O De Seguimiento Por Especialista En Ginecologia Y Obstetricia"/>
	<prestacion id="890266" name="Consulta De Primera Vez Por Especialista En Medicina Interna"/>
	<prestacion id="890366" name="Consulta De Control O De Seguimiento Por Especialista En Medicina Interna"/>
</prestaciones>