<sistderechos id="9" name="Sistema Comprobador de Derechos">  
	<!--error code="Error01" name="Error en el servicio de comprobador de derechos."/-->
	<paciente id="1028407770" name="Juan Barragan">
		<eps id="EPSC34" name="Capital Salud"/>
		<subred id="1100130291" name="Subred Norte ESE"/>
		<estado id="OK" code="001" name="VALIDADO"/>
	</paciente>
	<paciente id="35497403" name="martha Ruiz">
		<eps id="EPSC34" name="Capital Salud"/>
		<subred id="1100130291" name="Subred Norte ESE"/>
		<estado id="OK" code="001" name="VALIDADO"/>
	</paciente>
	<paciente id="23609241" name="Adela Celis Sierra">
		<eps id="EPSC34" name="Capital Salud"/>
		<subred id="1100130289" name="Subred Centro Oriente ESE"/>
		<estado id="OK" code="001" name="VALIDADO"/>
	</paciente>	
	<paciente id="99000444" name="Prueba Simulador">
		<eps id="EPSC34" name="Capital Salud"/>
		<subred id="1100130291" name="Subred Norte ESE"/>
		<estado id="OK" code="001" name="VALIDADO"/>
	</paciente>
	<paciente id="80252459" name="NY">
		<eps id="EPSC34" name="Capital Salud"/>
		<subred id="1100130291" name="Subred Norte ESE"/>
		<estado id="OK" code="001" name="VALIDADO"/>
	</paciente>	
	<paciente id="1073153981" name="NY">
		<eps id="EPSC34" name="Capital Salud"/>
		<subred id="1100130291" name="Subred Norte ESE"/>
		<estado id="OK" code="001" name="VALIDADO"/>
	</paciente>	
	<paciente id="1029289411" name="NY">
		<eps id="EPSC34" name="Capital Salud"/>
		<subred id="1100130289" name="Subred Centro Oriente ESE"/>
		<estado id="OK" code="001" name="VALIDADO"/>
	</paciente>	
	<paciente id="1025328860" name="NN">
		<eps id="EPSC34" name="Capital Salud"/>
		<subred id="1100130291" name="Subred Norte ESE"/>
		<estado id="OK" code="001" name="VALIDADO"/>
	</paciente>	
	<paciente id="1029293186" name="NN">
		<eps id="EPSC34" name="Capital Salud"/>
		<subred id="1100130289" name="Subred Centro Oriente ESE"/>
		<estado id="OK" code="001" name="VALIDADO"/>
	</paciente>	
	<paciente id="8920190614" name="NN">
		<eps id="EPSC34" name="Capital Salud"/>
		<subred id="1100130291" name="Subred Norte ESE"/>
		<estado id="OK" code="001" name="VALIDADO"/>
	</paciente>
	<paciente id="8920190611" name="CARMEN ELINA RINCON DEGARCIA">
		<eps id="EPSC34" name="Capital Salud"/>
		<subred id="1100130289" name="Subred Centro Oriente ESE"/>
		<estado id="OK" code="001" name="VALIDADO"/>
	</paciente>		
	<paciente id="24698038" name="CARMEN ELINA RINCON DEGARCIA">
		<eps id="EPSC34" name="Capital Salud"/>
		<subred id="1100130289" name="Subred Centro Oriente ESE"/>
		<estado id="OK" code="001" name="VALIDADO"/>
	</paciente>	
	<paciente id="52754894" name="ANDREA JOHANA MANCIPE FONSECA">
		<eps id="EPSC34" name="Capital Salud"/>
		<subred id="1100130289" name="Subred Centro Oriente ESE"/>
		<estado id="OK" code="001" name="VALIDADO"/>
	</paciente>	
	<paciente id="123456789" name="Nubia Isabel Garzon">
		<eps id="EPSC34" name="Capital Salud"/>
		<subred id="1100130291" name="Subred Norte ESE"/>
		<estado id="OK" code="001" name="VALIDADO"/>
	</paciente>		
	<paciente id="51803007" name="Maria Mar Pruebas Pruebas">
		<eps id="EPSC34" name="Capital Salud"/>
		<subred id="1100130291" name="Subred Norte ESE"/>
		<estado id="OK" code="001" name="VALIDADO"/>
	</paciente>	
	<paciente id="52330565" name="Claudia Lozano">
		<eps id="EPSC34" name="Capital Salud"/>
		<subred id="1100130291" name="Subred Norte ESE"/>
		<estado id="OK" code="001" name="VALIDADO"/>
	</paciente>	
	<paciente id="79469309" name="Justo Javier">
		<eps id="EPSC34" name="Capital Salud"/>
		<subred id="1100130289" name="Subred Centro Oriente ESE"/>
		<estado id="OK" code="001" name="VALIDADO"/>
	</paciente>	
	<paciente id="28835236" name="Nidia Lopez">
		<eps id="EPSC34" name="Capital Salud"/>
		<subred id="1100130289" name="Subred Centro Oriente ESE"/>
		<estado id="OK" code="001" name="VALIDADO"/>
	</paciente>	
	<paciente id="79333222" name="Pedro Perez">
		<eps id="EPSC34" name="Capital Salud"/>
		<subred id="1100130289" name="Subred Centro Oriente ESE"/>
		<estado id="OK" code="001" name="VALIDADO"/>
	</paciente>
	<paciente id="79555444" name="Juan Díaz">
		<eps id="CCF002" name="Comfama"/>
		<subred id="1100130291" name="Subred Norte ESE"/>
		<estado id="OK" code="001" name="VALIDADO"/>
	</paciente>
	<paciente id="50515151" name="Ana Angulo">
		<eps id="EPSC34" name="Capital Salud"/>
		<subred id="1100130294" name="Subred Sur ESE"/>
		<estado id="OK" code="001" name="VALIDADO"/>
	</paciente>
	<paciente id="52999888" name="Julia Porras">
		<eps id="CCF001" name="Epss Ccf Camacol"/>
		<subred id="1100130296" name="Subred Sur Occidente ESE"/>
		<estado id="OK" code="001" name="VALIDADO"/>
	</paciente> 
	<paciente id="65781595" name="Sebastiana Caballera Mohíno">
		<eps id="EPSC34" name="Capital Salud"/>
		<subred id="1100130294" name="Subred Sur ESE"/>
		<estado id="OK" code="001" name="VALIDADO"/>
	</paciente>
	<paciente id="3456734567" name="Rosa Maria Test Test">
		<eps id="EPSC34" name="Capital Salud"/>
		<subred id="1100130289" name="Subred Centro Oriente ESE"/>
		<estado id="NOK" code="3" name="AUTORIZACION VENCIDA"/>
	</paciente>
	<paciente id="78097654" name="Arturo Carlos Rodriguez Ramirez">
		<eps id="EPSC34" name="Capital Salud"/>
		<subred id="1100130294" name="Subred Sur ESE"/>
		<estado id="NOK" code="4" name="FALTA DOCUMENTACION"/>
	</paciente> 
	<paciente id="34123999" name="CARLOS,JAVIER PEREZ GARCIA">
		<eps id="EPSC34" name="Capital Salud"/>
		<subred id="1100130289" name="Subred Centro Oriente ESE"/>
		<estado id="OK" code="001" name="VALIDADO"/>
	</paciente> 
	<paciente id="99000600" name="ARMANDO ANDRÉS MORENO RUIZ">
		<eps id="EPSC34" name="Capital Salud"/>
		<subred id="1100130289" name="Subred Centro Oriente ESE"/>
		<estado id="OK" code="001" name="VALIDADO"/>
	</paciente>	
	<paciente id="99000350" name="JAIME DAVID GUERRERO FUENTES">
		<eps id="EPSC34" name="Capital Salud"/>
		<subred id="1100130296" name="Subred Sur Occidente E.S.E."/>
		<estado id="OK" code="001" name="VALIDADO"/>
	</paciente>	 
	<paciente id="99000400" name="CAROL JULIANA CONTRERAS BLANCO">
		<eps id="EPSC34" name="Capital Salud"/>
		<subred id="1100130289" name="Subred Centro Oriente ESE"/>
		<estado id="OK" code="001" name="VALIDADO"/>
	</paciente>
	<paciente id="99000450" name="WILSON ARMANDO SERRANO MORA">
		<eps id="EPSC34" name="Capital Salud"/>
		<subred id="1100130296" name="Subred Sur Occidente E.S.E."/>
		<estado id="OK" code="001" name="VALIDADO"/>
	</paciente>
	<paciente id="202021212222" name="FERNANDO ALEXANDER CARRILLO PUERTO">
		<eps id="EPS016" name="Coomeva Eps Sa"/>
		<subred id="1100130296" name="Subred Sur Occidente E.S.E."/>
		<estado id="OK" code="001" name="VALIDADO"/>
	</paciente>
	<paciente id="20000100" name="EDILIA MARIA TOLOSA URIBE">
		<eps id="EPSC34" name="Capital Salud"/>
		<subred id="1100130291" name="Subred Norte ESE"/>
		<estado id="OK" code="001" name="VALIDADO"/>
	</paciente> 
	<paciente id="95000680" name="FEDERICO SALVADOR MONTAÑA SANTA">
		<eps id="EPSC34" name="Capital Salud"/>
		<subred id="1100130296" name="Subred Sur Occidente E.S.E."/>
		<estado id="OK" code="001" name="VALIDADO"/>
	</paciente>
	<!--inicio yura -->
	<paciente id="92000160" name="AHINOA MARHIA JIMENEX BAYE">
		<eps id="EPSC34" name="Capital Salud"/>
		<subred id="1100130289" name="Subred Centro Oriente ESE"/>
		<estado id="OK" code="001" name="VALIDADO"/>
	</paciente>
	<paciente id="9632145879" name="KAROL IVONE SILVA TORRES">
		<eps id="EPSC34" name="Capital Salud"/>
		<subred id="1100130289" name="Subred Centro Oriente ESE"/>
		<estado id="OK" code="001" name="VALIDADO"/>
	</paciente>
	<paciente id="1000334455" name="MARIA DEL PILAR CASTIBLANCO HERRERA">
		<eps id="EPSC34" name="Capital Salud"/>
		<subred id="1100130289" name="Subred Centro Oriente ESE"/>
		<estado id="OK" code="001" name="VALIDADO"/>
	</paciente>
	<paciente id="70000200" name="SOFIA ANGULO">
		<eps id="EPSC34" name="Capital Salud"/>
		<subred id="1100130289" name="Subred Centro Oriente ESE"/>
		<estado id="OK" code="001" name="VALIDADO"/>
	</paciente>
	<paciente id="1149454766" name="YAMILE DIAZ">
		<eps id="EPSC34" name="Capital Salud"/>
		<subred id="1100130289" name="Subred Centro Oriente ESE"/>
		<estado id="OK" code="001" name="VALIDADO"/>
	</paciente>
	<paciente id="7000001" name="JUSTO MEJIA">
		<eps id="EPSC34" name="Capital Salud"/>
		<subred id="1100130289" name="Subred Centro Oriente ESE"/>
		<estado id="NO" code="002" name="INVALIDADO"/>
	</paciente>
	<paciente id="59105943" name="CLAUDIA MARCELA SANCHEZ ESTRADA">
		<eps id="EPS016" name="Coomeva Eps Sa"/>
		<subred id="1100130289" name="Subred Centro Oriente ESE"/>
		<estado id="OK" code="001" name="VALIDADO"/>
	</paciente>
	<paciente id="1022328881" name="CONSUELO OSORIO GONGORA">
		<eps id="EPS016" name="Coomeva Eps Sa"/>
		<subred id="1100130289" name="Subred Centro Oriente ESE"/>
		<estado id="OK" code="001" name="VALIDADO"/>
	</paciente>
	<paciente id="81036104" name="CLARA MARTINEZ AVELLANEDA">
		<eps id="EPS016" name="Coomeva Eps Sa"/>
		<subred id="1100130291" name="Subred Norte ESE"/>
		<estado id="OK" code="001" name="VALIDADO"/>
	</paciente>
	<paciente id="123654" name="SOFIA ADRIANA ROMAN SUAREZ">
		<eps id="EPSC34" name="Capital Salud"/>
		<subred id="1100130291" name="Subred Norte ESE"/>
		<estado id="OK" code="001" name="VALIDADO"/>
	</paciente>
	<paciente id="78123456" name="MARGARITA MARIA PEREZ CASTRO">
		<eps id="EPSC34" name="Capital Salud"/>
		<subred id="1100130291" name="Subred Norte ESE"/>
		<estado id="NO" code="002" name="INVALIDADO"/>
	</paciente>
	<paciente id="5644776" name="ABEL FELIPE GORDILLO BARAJAS">
		<eps id="EPSC34" name="Capital Salud"/>
		<subred id="1100130291" name="Subred Norte ESE"/>
		<estado id="OK" code="001" name="VALIDADO"/>
	</paciente>
	<paciente id="91601293" name="CAMILO BENAVIDES SALAMANCA">
		<eps id="EPSC34" name="Capital Salud"/>
		<subred id="1100130291" name="Subred Norte ESE"/>
		<estado id="OK" code="001" name="VALIDADO"/>
	</paciente>
	<paciente id="1116067482" name="BRANDON REY GOMEZ FINO">
		<eps id="EPSC34" name="Capital Salud"/>
		<subred id="1100130291" name="Subred Norte ESE"/>
		<estado id="OK" code="001" name="VALIDADO"/>
	</paciente>
	<paciente id="93000500" name="CAMILO ANDRES CASTELLANOS LOPEZ">
		<eps id="EPSC34" name="Capital Salud"/>
		<subred id="1100130291" name="Subred Norte ESE"/>
		<estado id="OK" code="001" name="VALIDADO"/>
	</paciente>
	<paciente id="95000103" name="CRISTIAN ADOLFO ROMANO VALENCIA">
		<eps id="EPSC34" name="Capital Salud"/>
		<subred id="1100130291" name="Subred Norte ESE"/>
		<estado id="OK" code="001" name="VALIDADO"/>
	</paciente>
	<paciente id="99000236" name="JOHAN ESTEBAN  ESTEBAN MORENO">
		<eps id="EPSC34" name="Capital Salud"/>
		<subred id="1100130291" name="Subred Norte ESE"/>
		<estado id="OK" code="001" name="VALIDADO"/>
	</paciente>
	<paciente id="999999112" name="ENRIQUE BOZANO">
		<eps id="EPSC34" name="Capital Salud"/>
		<subred id="1100130294" name="Subred  Sur ESE"/>
		<estado id="NO" code="002" name="INVALIDO"/>
	</paciente> 
	<paciente id="999999124" name="ENRIQUE TOMAS HERNANDEZ">
		<eps id="EPS016" name="Coomeva eps"/>
		<subred id="1100130294" name="Subred  Sur ESE"/>
		<estado id="OK" code="001" name="VALIDO"/>
	</paciente>
	<paciente id="34491454" name="JULIAN COCOMA">
		<eps id="EPSC34" name="Capital Salud"/>
		<subred id="1100130294" name="Subred  Sur ESE"/>
		<estado id="OK" code="001" name="VALIDADO"/>
	</paciente> 
	<paciente id="85000100" name="MAURICIO ANDRES MORENO GALLO">
		<eps id="EPSC34" name="Capital Salud"/>
		<subred id="1100130294" name="Subred  Sur ESE"/>
		<estado id="OK" code="001" name="VALIDADO"/>
	</paciente>
	<paciente id="121245456" name="OSCAR JAVIER JIMENEZ HEREDIA">
		<eps id="EPSC34" name="Capital Salud"/>
		<subred id="1100130294" name="Subred  Sur ESE"/>
		<estado id="OK" code="001" name="VALIDADO"/>
	</paciente>
	<paciente id="99000901" name="ADOLFO ANGARITA ROMANO">
		<eps id="EPSC34" name="Capital Salud"/>
		<subred id="1100130294" name="Subred  Sur ESE"/>
		<estado id="OK" code="001" name="VALIDADO"/>
	</paciente>
	<paciente id="20000000" name="CARLOS DURAN">
		<eps id="EPSC34" name="Capital Salud"/>
		<subred id="1100130294" name="Subred  Sur ESE"/>
		<estado id="OK" code="001" name="VALIDADO"/>
	</paciente>
	<paciente id="1020003" name="CESAR ALFONSO MORA RUBIANO">
		<eps id="EPSC34" name="Capital Salud"/>
		<subred id="1100130294" name="Subred  Sur ESE"/>
		<estado id="OK" code="001" name="VALIDADO"/>
	</paciente>
	<paciente id="99000700" name="DAVID ORLANDO VARGAS RUIZ">
		<eps id="EPSC34" name="Capital Salud"/>
		<subred id="1100130294" name="Subred  Sur ESE"/>
		<estado id="OK" code="001" name="VALIDADO"/>
	</paciente>
	<paciente id="22334455" name="MARGARITA TATIANA GOMEZ RAMOS">
		<eps id="EPSC34" name="Capital Salud"/>
		<subred id="1100130296" name="Subred Sur Occidente ESE"/>
		<estado id="NO" code="002" name="INVALIDADO"/>
	</paciente>
	<paciente id="14617753" name="JUAN PEDRO MOZO CARDENAS">
		<eps id="EPS016" name="Coomeva Eps Sa"/>
		<subred id="1100130296" name="Subred Sur Occidente ESE"/>
		<estado id="OK" code="001" name="VALIDADO"/>
	</paciente>
	<paciente id="11223344" name="CARLOS HUMBERTO PORTILLA FERNANDEZ">
		<eps id="EPSC34" name="Capital Salud"/>
		<subred id="1100130296" name="Subred Sur Occidente ESE"/>
		<estado id="OK" code="001" name="VALIDADO"/>
	</paciente>
	<paciente id="95000420" name="ALBERTO CASRLOS MURCIA BERBESI">
		<eps id="EPSC34" name="Capital Salud"/>
		<subred id="1100130296" name="Subred Sur Occidente ESE"/>
		<estado id="OK" code="001" name="VALIDADO"/>
	</paciente>
	<paciente id="50174098" name="CARLOS ARTURO CASTAÑEDA FLOREZ">
		<eps id="EPSC34" name="Capital Salud"/>
		<subred id="1100130296" name="Subred Sur Occidente ESE"/>
		<estado id="OK" code="001" name="VALIDADO"/>
	</paciente>
	<paciente id="80005066" name="FERNANDO VARGAS">
		<eps id="EPSC34" name="Capital Salud"/>
		<subred id="1100130296" name="Subred Sur Occidente ESE"/>
		<estado id="OK" code="001" name="VALIDADO"/>
	</paciente>
	<paciente id="13502581" name="NICOLAS ARTURO CHAVEZ MADURO">
		<eps id="EPSC34" name="Capital Salud"/>
		<subred id="1100130296" name="Subred Sur Occidente ESE"/>
		<estado id="OK" code="001" name="VALIDADO"/>
	</paciente>
	<paciente id="29854145" name="PASCUAL MARIA BALLESTEROS">
		<eps id="EPSC34" name="Capital Salud"/>
		<subred id="1100130296" name="Subred Sur Occidente ESE"/>
		<estado id="OK" code="001" name="VALIDADO"/>
	</paciente>
	<paciente id="10200004" name="WILLIAM ADONAI MONTAÑO ROLDAN">
		<eps id="EPSC34" name="Capital Salud"/>
		<subred id="1100130296" name="Subred Sur Occidente ESE"/>
		<estado id="OK" code="001" name="VALIDADO"/>
	</paciente>
	<paciente id="60123123" name="ANA MARIA LIZCANO ALVAREZ">
		<eps id="EPSC34" name="Capital Salud"/>
		<subred id="1100130294" name="Subred Sur ESE"/>
		<estado id="OK" code="001" name="VALIDADO"/>
	</paciente>
</sistderechos>  