<?xml version="1.0" encoding="UTF-8"?>
<messagesValidation>
	<!-- Listado de mensajes a validar !-->
	<message id="SQR_S25">
		<!-- Evento asociado !-->
		<service id="ACI_013">
			<!-- Listado de segmentos !-->
			<segments>
				<segment optional="F" existsOnly="F" id="MSH" loop="F" group="">
					<component route="MSH|MSH.3|MSH.3.1" ontology="AGCC_APLI" constant="" detail="Segmento MSH.3.1 no valido. El valor $P1, no se encuentre en el catalogo Aplicaciones (AGCC_APLI)" type="string"/>
					<component route="MSH|MSH.3|MSH.3.2" ontology="F" constant="" detail="El segmento MSH.3.2 (Nombre aplicacion que envia el mensaje) debe tener un valor diferente a vacio" type="string"/>
					<component route="MSH|MSH.5|MSH.5.1" ontology="AGCC_APLI" constant="" detail="Segmento MSH.5.1 no valido. El valor $P1, no se encuentre en el catalogo Aplicaciones (AGCC_APLI)" type="string"/>
					<component route="MSH|MSH.5|MSH.5.2" ontology="F" constant="" detail="El segmento MSH.5.2 (Nombre aplicacion que recibe el mensaje) debe tener un valor diferente a vacio" type="string"/>
					<component route="MSH|MSH.7|MSH.7.1" ontology="F" constant="" detail="El segmento MSH.7.1 (Fecha y hora de generacion del mensaje) debe tener el formato YYYYMMDDhhmmss y una fecha valida, se recibe $P1" type="date"/>
					<component route="MSH|MSH.9|MSH.9.1" ontology="F" constant="SQM" detail="El segmento MSH.9.1 (Tipo de mensaje) debe tener el valor 'SQM' , se recibe: $P1" type="string"/>
					<component route="MSH|MSH.9|MSH.9.2" ontology="F" constant="S25" detail="El segmento MSH.9.2 (Evento disparador) debe tener el valor 'S25' , se recibe: $P1" type="string"/>
					<component route="MSH|MSH.9|MSH.9.3" ontology="F" constant="SQM_S25" detail="El segmento MSH.9.3 (Estructura del mensaje) debe tener el valor 'SQM_S25' , se recibe: $P1" type="string"/>
					<component route="MSH|MSH.10|MSH.10.1" ontology="F" constant="" detail="El segmento MSH.10.1 (Identificador unico del mensaje) debe tener un valor diferente a vacio" type="string"/>
					<component route="MSH|MSH.11|MSH.11.1" ontology="F" constant="P" detail="El segmento MSH.11.1 (Tipo de procesamiento) debe tener el valor 'P' , se recibe: $P1" type="string"/>
				</segment>
				<segment optional="F" existsOnly="F" id="MSA" loop="T" group="">
					<component route="MSA|MSA.1|MSA.1.1" ontology="F" constant="AA,AE,AR" detail="El segmento MSA.1.1 (Codigo estado operacion) debe tener alguno de los siguientes valores (AA,AE,AR), se recibe: $P1" type="string"/>
					<component route="MSA|MSA.2|MSA.2.1" ontology="F" constant="" detail="El segmento MSA.2.1 (Identificador del mensaje de entrada) debe tener un valor diferente a vacio" type="string"/>
				</segment>
				<segment optional="F" existsOnly="T" id="QAK" loop="F" group="">
					<component/>
				</segment>
				<segment optional="T" existsOnly="F" id="SCH" loop="T" group="">
					<component route="SCH|SCH.5|SCH.5.1" ontology="F" constant="" detail="El segmento SCH.5.1 (Codigo de la agenda) debe tener un valor diferente a vacio" type="string"/>
					<component route="SCH|SCH.5|SCH.5.2" ontology="F" constant="" detail="El segmento SCH.5.2 (Descripcion de la agenda) debe tener un valor diferente a vacio" type="string"/>
					<component route="SCH|SCH.6|SCH.6.1" ontology="F" constant="ROUTINE" detail="El segmento SCH.6.1 (Razon del evento) debe tener el valor 'ROUTINE', se recibe $P1" type="string"/>
					<component route="SCH|SCH.16|SCH.16.1" ontology="F" constant="MyMED" detail="El segmento SCH.16.1 (Persona de contacto de la aplicacion) debe tener el valor 'MyMED', se recibe $P1" type="string"/>
					<component route="SCH|SCH.20|SCH.20.1" ontology="F" constant="MyMED" detail="El segmento SCH.20.1 (Persona que ingresa la informacion) debe tener el valor 'MyMED', se recibe $P1" type="string"/>
					<component route="SCH|SCH.25|SCH.25.1" ontology="AGCC_ECIT" constant="" detail="Segmento SCH.25.1 no valido. El valor $P1, no se encuentre en el catalogo estado de la cita (AGCC_ECIT)" type="string"/>
					<component route="SCH|SCH.25|SCH.25.2" ontology="F" constant="" detail="El segmento SCH.25.2 (Descripcion del estado de la cita) debe tener un valor diferente a vacio" type="string"/>
				</segment>
				<segment optional="T" existsOnly="F" id="TQ1" loop="T" group="SCH">
					<component route="TQ1|TQ1.6|TQ1.6.1" ontology="F" constant="" detail="El segmento TQ1.6.1 (Duracion) debe tener un valor numerico, pero se recibe $P1" type="number"/>
					<component route="TQ1|TQ1.6|TQ1.6.2" ontology="F" constant="MIN" detail="El segmento TQ1.6.2 (Unidad de medida) debe tener el valor 'MIN', pero se recibe $P1" type="string"/>
					<component route="TQ1|TQ1.7|TQ1.7.1" ontology="F" constant="" detail="El segmento TQ1.7.1 (Fecha/Hora de la cita) debe tener el formato YYYYMMDDhhmmss, se recibe $P1" type="date"/>
				</segment>
				<segment optional="T" existsOnly="F" id="RGS" loop="T" group="SCH">
					<component route="RGS|RGS.1|RGS.1.1" ontology="F" constant="" detail="El segmento RGS.1.1 (Secuencia segmento RGS -requerido por el estandar) debe tener un valor diferente a vacio" type="string"/>
				</segment>
				<segment optional="T" existsOnly="F" id="AIS" loop="T" group="SCH">
					<component route="AIS|AIS.1|AIS.1.1" ontology="F" constant="" detail="El segmento AIS.1.1 (Identificacion segmento AIS) debe tener un valor numerico, pero se recibe $P1" type="number"/>
					<component route="AIS|AIS.3|AIS.3.1" ontology="AGCC_SHAB" constant="" detail="Segmento AIS.3.1 no valido. El valor $P1, no se encuentre en el catalogo servicios habilitados (AGCC_SHAB)" type="string"/>
					<component route="AIS|AIS.3|AIS.3.2" ontology="F" constant="" detail="El segmento AIS.3.2 (Descripcion del estado del servicio) debe tener un valor diferente a vacio" type="string"/>
					<component route="AIS|AIS.3|AIS.3.4" ontology="AGCC_CUPS" constant="" detail="Segmento AIS.3.4 no valido. El valor $P1, no se encuentre en el catalogo CUPS (AGCC_CUPS)" type="string"/>
					<component route="AIS|AIS.3|AIS.3.5" ontology="" constant="" detail="El segmento AIS.3.5 (Descripcion de la prestacion) debe tener un valor diferente a vacio" type="string"/>
				</segment>
				<segment optional="T" existsOnly="F" id="AIL" loop="T" group="SCH">
					<component route="AIL|AIL.1|AIL.1.1" ontology="F" constant="" detail="El segmento AIL.1.1 (Identificacion segmento AIL) debe tener un valor diferente a vacio" type="string"/>
					<component route="AIL|AIL.3|AIL.3.4|AIL.3.4.1" ontology="AGCC_OIDSD" constant="" detail="Segmento AIS.3.4.1 no valido. El valor $P1, no se encuentre en el catalogo OID_SEDES (AGCC_OIDSD)" type="string"/>
					<component route="AIL|AIL.3|AIL.3.4|AIL.3.4.2" ontology="" constant="" detail="El segmento AIS.3.4.2 (Descripcion del centro) debe tener un valor diferente a vacio" type="string"/>
				</segment>
			</segments>
		</service>
	</message>
	<!-- Mensaje de notificacion !-->
	<message id="ORU_R01">
		<!-- Evento asociado: Notificacion SMS/email!-->
		<service id="NFMSE">
			<!-- Listado de segmentos !-->
			<segments>
				<segment optional="F" existsOnly="F" id="MSH" loop="F" group="">
					<component route="MSH|MSH.3|MSH.3.1" ontology="F" constant="10" detail="Segmento MSH.3.1 (Identificador aplicación que envia el mensaje) debe tener el valor '10', se recibe $P1" type="string" optional="F"/>
					<component
						route="MSH|MSH.3|MSH.3.2"
						ontology="F"
						constant=""
						detail="El segmento MSH.3.2 (Nombre aplicacion que envia el mensaje) debe tener un valor diferente a vacio, se espera en este campo la siguente data 'Gestor Formula Medica MyMED'"
						type="string"
						optional="F"/>
					<component route="MSH|MSH.4|MSH.4.1" ontology="F" constant="11" detail="Segmento MSH.4.1 (Identificador Middleware que envia el mensaje) debe tener el valor '11', se recibe $P1" type="string" optional="F"/>
					<component route="MSH|MSH.4|MSH.4.2" ontology="F" constant="" detail="El segmento MSH.4.2 (Nombre Middleware que envia el mensaje) debe tener un valor diferente a vacio, se espera en este campo la siguente data 'ESB Mirth Connect'" type="string" optional="F"/>
					<component route="MSH|MSH.5|MSH.5.1" ontology="F" constant="" detail="Segmento MSH.5.1 (Identificador aplicación que recibe el mensaje) debe tener un valor diferente a vacio" type="string" optional="F"/>
					<component route="MSH|MSH.5|MSH.5.2" ontology="F" constant="" detail="El segmento MSH.5.2 (Nombre aplicacion que recibe el mensaje) debe tener un valor diferente a vacio" type="string" optional="F"/>
					<component route="MSH|MSH.6|MSH.6.1" ontology="F" constant="" detail="Segmento MSH.6.1 (Identificador Middleware que recibe el mensaje) debe tener un valor diferente a vacio" type="string" optional="F"/>
					<component route="MSH|MSH.6|MSH.6.2" ontology="F" constant="" detail="El segmento MSH.6.2 (Nombre Middleware que recibe el mensaje) debe tener un valor diferente a vacio" type="string" optional="F"/>
					<component route="MSH|MSH.7|MSH.7.1" ontology="F" constant="" detail="El segmento MSH.7.1 (Fecha y hora de generacion del mensaje) debe tener el formato YYYYMMDDhhmmss y una fecha valida, se recibe $P1" type="date" optional="F"/>
					<component route="MSH|MSH.9|MSH.9.1" ontology="F" constant="ORU" detail="El segmento MSH.9.1 (Tipo de mensaje) debe tener el valor 'ORU' , se recibe: $P1" type="string" optional="F"/>
					<component route="MSH|MSH.9|MSH.9.2" ontology="F" constant="R01" detail="El segmento MSH.9.2 (Evento disparador) debe tener el valor 'R01' , se recibe: $P1" type="string" optional="F"/>
					<component route="MSH|MSH.9|MSH.9.3" ontology="F" constant="ORU_R01" detail="El segmento MSH.9.3 (Estructura del mensaje) debe tener el valor 'ORU_R01' , se recibe: $P1" type="string" optional="F"/>
					<component route="MSH|MSH.10|MSH.10.1" ontology="F" constant="" detail="El segmento MSH.10.1 (Identificador unico del mensaje) debe tener un valor diferente a vacio" type="string" optional="F"/>
					<component route="MSH|MSH.11|MSH.11.1" ontology="F" constant="P" detail="El segmento MSH.11.1 (Tipo de procesamiento) debe tener el valor 'P' , se recibe: $P1" type="string" optional="F"/>
				</segment>
				<segment optional="F" existsOnly="F" id="PID" loop="F" group="">
					<component route="PID|PID.3|PID.3.1" ontology="F" constant="" detail="El segmento PID.3.1 (Numero de identificacion del paciente) debe tener un valor diferente a vacio" type="string" optional="F"/>
					<component
						route="PID|PID.3|PID.3.5"
						ontology="tipo_documento"
						constant=""
						detail="Segmento PID.3.5 (Tipo de identificacion paciente) no valido. El valor $P1, no se encuentra en el catalogo TIPO DE DOCUMENTO (TIPO_DOCUMENTO)"
						type="string"
						optional="F"/>
				</segment>
				<segment optional="F" existsOnly="F" id="OBR" loop="F" group="">
					<component route="OBR|OBR.4|OBR.4.1" ontology="F" constant="10" detail="El segmento OBR.4.1 (Identificador del servicio) debe tener el valor '10', se recibe $P1" type="string" optional="F"/>
					<component route="OBR|OBR.27|OBR.27.4" ontology="F" constant="" detail="El segmento OBR.27.4 (Fecha y hora de generacion del mensaje) debe tener el formato YYYYMMDDhhmmss y una fecha valida, se recibe $P1" type="date" optional="F"/>
				</segment>
				<segment optional="F" existsOnly="F" id="OBX" loop="F" group="">
					<component route="OBX|OBX.1|OBX.1.1" ontology="F" constant="" detail="El segmento OBX.1.1 (Numero del servicio) debe tener un valor numerico, pero se recibe $P1" type="string" optional="F"/>
					<component route="OBX|OBX.2|OBX.2.1" ontology="F" constant="CE" detail="El segmento OBX.2.1 (Tipo de dato del campo OBX-5) debe tener el valor 'CE', se recibe $P1" type="string" optional="F"/>
					<component route="OBX|OBX.5|OBX.5.1" ontology="F" constant="SMS,Correo" detail="El segmento OBX.5.1 (Tipo de notificacion) debe tener alguno de los siguientes valores ('SMS', 'Correo'), se recibe $P1" type="string" optional="F"/>
					<component route="OBX|OBX.5|OBX.5.2" ontology="F" constant="" detail="El segmento OBX.5.2 (Notificacion a enviar) debe tener un valor diferente a vacio" type="string" optional="F"/>
				</segment>
			</segments>
		</service>
	</message>
</messagesValidation>
