<?xml version="1.0" encoding="UTF-8"?>
<?xml-stylesheet type="text/xsl" href="CDA_consulta_nivel3.xsl"?>
<ClinicalDocument xmlns="urn:hl7-org:v3" xmlns:voc="urn:hl7-org:v3/voc" xmlns:xsi="http://www.w3.org/2001/XMLSchema-instance" xsi:schemaLocation="urn:hl7-org:v3 CDA.xsd">
   
   <!-- ******************* ESTRUCTURA FIJA DEL ESQUEMA DEL CDA NORMATIVO DE HL7 VERSION 3 ****************** --> 
   <typeId root="2.16.840.1.113883.1.3" extension="POCD_HD000040"/>
   
   <!-- ************************************ IDENTIFICACION UNICA DEL DOCUMENTO****************************** --> 
   <id root="2.16.170.11001.1000.1.128.20170406230458.123.1"/>
 
   <!-- ***************************** CODIGO LOINC CDA CONSULTA EXTERNA ************************************ --> 
   <code code="34108-1" codeSystem="2.16.840.1.113883.6.1" 
      codeSystemName="LOINC" displayName="Consulta Externa"/>

   <title> HISTORIA CLINICA ELECTRONICA UNIFICADA CONSULTA EXTERNA</title>
   
   <!-- ************************************ FECHA DE LA ATENCION ****** ************************************ --> 
   <effectiveTime value="201704061048"/>
   
   <!-- ************************************ CONFIDENCIALIDAD ******** ************************************ --> 
   <confidentialityCode code="N" codeSystem="2.16.840.1.113883.5.25"/>
   
   <!-- ************************************ LENGUAJE ESPAÑOL COLOMBIA ************************************ --> 
   <languageCode code="es-CO"/>
 
   <!-- ************************************ IDENTIFICACION PACIENTE ************************************ --> 
   <recordTarget>
         <patientRole>
         <id extension="1679884" root="2.16.170.11001.0.2.1"/>
         <addr>
               <streetName>Avenida Calle 68 # 34-23</streetName>
               <streetName>M</streetName>
               <houseNumber>34-23</houseNumber>
               <city>Bogota D.C.</city>
               <country>Colombia</country>
          </addr>
          <telecom use="HP" value="5127084"/>  
          <patient>
               <name>
                  <given>Nombre Paciente</given>
                  <family>Apellido Paciente</family>
               </name>
               <administrativeGenderCode code="M" codeSystem="2.16.840.1.113883.5.1"/>
               <birthTime value="19670328"/>
          </patient>
          </patientRole>
   </recordTarget>
   
   <!-- ************************************ AUTOR DEL DOCUMENTO CLINICO ************************************ --> 
   <author>
      <time value="20060915"/>
      <assignedAuthor>
         <id extension="759" root="2.16.170.11001.0.3"/>
        
         <assignedPerson>
            <name>
               <given>Nombre Doctor</given>
               <family>Apellido Doctor</family>
               <prefix>Dr.</prefix>
            </name>
         </assignedPerson>
        
         <representedOrganization>
            <id root="2.16.170.11001.0.5.1"/>
         </representedOrganization>
      </assignedAuthor>
   </author>
   
   <!-- ******************** ORGANIZACION QUE ESTA A CARGO DE LA CONSERVACION DEL DOCUMENTO ************************* --> 
   <custodian>
      <assignedCustodian>
         <representedCustodianOrganization>
            <id  root="2.16.170.11001.0.5.1"/>
            <name>Hospital X</name>
         </representedCustodianOrganization>
      </assignedCustodian>
   </custodian>
   
   <legalAuthenticator>
      <time value="20060915"/>
      <signatureCode code="S"/>
      <assignedEntity>
         <id extension="759" root="2.16.170.11001.0.3"/>
         <assignedPerson>
            <name>
               <given>Mario   </given>
               <family>Pathos</family>
               <prefix>Dr.</prefix>
            </name>
         </assignedPerson>
         <representedOrganization>
            <id root="2.16.170.11001.0.5.1"/>
         </representedOrganization>
      </assignedEntity>
      </legalAuthenticator>
   
    <authenticator>
      <time value="20060915"/>
      <signatureCode code="S"/>
      <assignedEntity>
         <id extension="759" root="2.16.170.11001.0.3"/>
         <assignedPerson>
            <name>
               <given>M   </given>
               <family>P</family>
               <prefix>Dr.</prefix>
            </name>
         </assignedPerson>
         <representedOrganization>
            <id root="2.16.170.11001.0.5.1"/>
         </representedOrganization>
      </assignedEntity>
   </authenticator>
    
 <!-- *************************** DATOS SUBRED - UNIDAD SERVICIOS DE SALUD ************************************ -->  
   <component>
      <structuredBody>
          <component>
              <section>
                  <code codeSystem="2.16.840.1.113883.6.1" codeSystemName="LOINC" code="21829-7" displayName="INSTITUTION DATA SOURCE"/>
                  <title>PRESTADOR DE SERVICIOS DE SALUD</title>
                  <text> SUBRED SUR UNIDAD DE SERVICIOS DE SALUD VISTA HERMOSA  
                  </text>
              </section>
          </component>   

  <!-- ************************************ DATOS PACIENTE ***************************************************** -->      
               <component>
                  <section>
                     <code codeSystem="2.16.840.1.113883.6.1" codeSystemName="LOINC" code="45964-4" displayName="IDENTIFICATION INFORMATION SECTION"/>
                     <title>DATOS PACIENTE </title>
                     <text>
                        <list listType="ordered">
                           <item>Estado civil: Casado</item>
                           <item>Sexo: Hombre</item>
                           <item>Momento curso de vida:</item>
                           <item>Grupo sanguineo: A</item>
                           <item>RH: positivo</item>
                        </list>
                     </text>
                  </section>
               </component> 
   
<!-- ********************************************* DATOS ASEGURAMIENTO ***************************************************** -->      
         <component>
            <section>
               <code codeSystem="2.16.840.1.113883.6.1" codeSystemName="LOINC" code="48768-6" displayName="PAYMENT SOURCES DOCUMENT"/>
               <title>DATOS ASEGURAMIENTO </title>
               <text>
                  <list listType="ordered">
                     <item>Tipo de usuario: Subsidiado</item>
                     <item>Entidad: Capital Salud EPS</item>
                     <item>Estado afiliacion: activo</item>
                     <item>Tipo de afiliado: Cotizante</item>
                     <item>Tipo de poblacion especial: Personas en prision domiciliaria</item>
                  </list>
               </text>
            </section>
         </component>    

<!-- ************************************ DATOS CARACTERIZACION POBLACIONAL ***************************************************** -->      
         <component>
            <section>
               <code codeSystem="2.16.840.1.113883.6.1" codeSystemName="LOINC" code="29762-2" displayName="SOCIAL HISTORY NARRATIVE"/>
               <title>DATOS CARACTERIZACION POBLACIONAL </title>
               <text>
                  <list listType="ordered">
                     <item>Etnia: Ninguna</item>
                     <item>Genero: Masculino</item>
                     <item>Orientacion sexual: Heterosexual</item>
                     <item>Ocupacion especial: No aplica</item>
                     <item>Condicion Especial de Salud: Ninguna</item>
                  </list>
               </text>
            </section>
         </component>    

<!-- ************************************ DATOS DE UBICACION Y CONTACTO ***************************************************** -->      
         <component>
            <section>
               <code codeSystem="2.16.840.1.113883.6.1" codeSystemName="LOINC" code="45970-1" displayName="DEMOGRAPHIC INFORMATION SECTION"/>
               <title>DATOS DE UBICACION Y CONTACTO </title>
               <text>
                  <list listType="ordered">
                     <item>Localidad: 19</item>
                     <item>Direccion: Carrera 74Sur No. 108 - 16 Lucero Bajo</item>
                     <item>Estrato: 2</item>
                     <item>Celular: </item>
                     <item>Condicion Especial de Salud: Ninguna</item>
                  </list>
               </text>
            </section>
         </component>

<!-- ************************************ MOTIVO DE CONSULTA ************************************ -->         
         
    <component>
         <section>
            <code code="29299-5" codeSystem="2.16.840.1.113883.6.1" 
               codeSystemName="LOINC" displayName="MOTIVO DE CONSULTA"/>
            <title>MOTIVO DE CONSULTA</title>
            <text>Motivo de consulta 
            </text>
         </section>
   </component>
   
 <!-- ************************************ ENFERMEDAD ACTUAL ************************************ -->         
         
         <component>
            <section>
               <code code="29299-5" codeSystem="2.16.840.1.113883.6.1" 
                  codeSystemName="LOINC" displayName="ENFERMEDAD ACTUAL"/>
               <title>ENFERMEDAD ACTUAL</title>
               <text>Descripcion enfermedad actual
               </text>
            </section>
         </component> 

<!-- ************************************ REVISION POR SISTEMAS ************************************ -->
         <component>
            <section>
               <code codeSystem="2.16.840.1.113883.6.1" codeSystemName="LOINC" code="29545-1" displayName="PHYSICAL FINDINGS"/>
               <title>REVISION POR SISTEMAS</title>
               <text>
                  <list listType="ordered">
                     <item>Piel y anexos: Normal</item>
                     <item>Otorrinolaringológico: Normal</item>
                     <item>Pulmonar: </item>
                     <item>Gastrointestinal:No distension, obesidiad </item>
                     <item>Genitourinario: Normal.</item>
                     <item>Musculo esquelético: Edema bilateral</item>
                     <item>Neurológico: Normal</item>
                  </list>
               </text>
            </section>
         </component>
         
<!-- ***************************************** ANTECEDENTES ************************************ -->
         <component>
            <section>
               
               <code codeSystem="2.16.840.1.113883.6.1" codeSystemName="LOINC" code="11348-0" displayName="ANTECEDENTES"/>
               <title>ANTECEDENTES</title>
               <text>
                  <list listType="ordered">
                     <item>Patológicos: HTA DM</item>
                     <item>Quirúrgicos: Colecistectomia</item>
                     <item>Farmacológicos: Enalapril, Metformina, ASA </item>
                     <item>Familiares: Madre Cancer Colon </item>
                     <item>Traumatológicos: NO.</item>
                     <item>Toxicológicos: NO</item>
                     <item>Alérgicos: NO</item>
                     <item>Imnunologicos: Influenza hace 6 meses</item>
                     <item>Perinatales: NA</item>
                     <item>Transfusionales: NO</item>
                     <item>Hospitalizaciones: NO</item>
                     <item>Ginecológicos: NA</item>
                  </list>
               </text>
            </section>
         </component>
         
<!-- ************************************ SIGNOS VITALES ************************************ -->
         <component>
            <section>
              <code codeSystem="2.16.840.1.113883.6.1" codeSystemName="LOINC" code="11348-0" displayName="SIGNOS VITALES"/>
               <title>SIGNOS VITALES</title>
               <text>
                  <list listType="ordered">
                     <item>Tensión:NA </item>
                     <item>FC: 82</item>
                     <item>FR: 22</item>
                     <item>Temperatura: 36 </item>            
                  </list>
               </text>
            </section>
         </component>
         
<!-- ************************************ EXAMEN FISICO ************************************ -->
         <component>
            <section>
               <code codeSystem="2.16.840.1.113883.6.1" codeSystemName="LOINC" code="29545-1" displayName="EXAMEN FISICO"/>
               <title>EXAMEN FISICO</title>
               <text>
                  <list listType="ordered">
                     <item>Condición general: Normal</item>
                     <item>Datos antroprométricos: PESO: TALLA: IMC:</item>
                     <item>Cabeza:Normal </item>
                     <item>Cuello:Normal </item>
                     <item>Cardio Pulmonar: Normal.</item>
                     <item>Abdomen: Normal</item>
                     <item>Extremidades: Normal</item>
                     <item>Osteomuscular: Normal</item>
                     <item>Sistema nervioso central: Normal</item>
                     <item>Piel y anexos: Normal</item>
                  </list>
               </text>
            </section>
         </component>         

<!-- ****************************************** ANALISIS ************************************ -->
         <component>
            <section>
               <code codeSystem="2.16.840.1.113883.6.1" codeSystemName="LOINC" code="29545-1" displayName="PHYSICAL FINDINGS"/>
               <title>ANALISIS</title>
               <text>Analisis de la atencion en Consulta Externa
               </text>
             </section>
         </component>
         
<!-- ***************************************** DIAGNOSTICOS   ***************************************** -->          
         <component>
            <section>
               <code code="75328-5" codeSystem="2.16.840.1.113883.6.1" codeSystemName="LOINC" displayName="DIAGNOSTICOS"/>
               <title>DIAGNOSTICOS</title>
               <text>
                  <paragraph>Aneurisma aortico abdominal</paragraph>                                
               </text>
               <entry>
                  <observation classCode="OBS" moodCode="EVN">
                     <code code="409586006" displayName="Diagnosticos Consulta Externa" 
                        codeSystem="2.16.840.1.113883.6.1" codeSystemName="SNOMED CT">
                     </code>
                     <value xsi:type="CE" code="I71.3" 
                        codeSystem="2.16.840.1.113883.6.3" codeSystemName="CIE-10" 
                        displayName="Abdominal aortic aneurysm, ruptured"/>
                  </observation>
               </entry>
               <entry>
                  <observation classCode="OBS" moodCode="EVN">
                     <code code="409586006" displayName="Diagnostico de Egreso a Urgencias" codeSystem="2.16.840.1.113883.6.1" codeSystemName="SNOMED CT"></code>
                     <value xsi:type="CE" code="I71.3" codeSystem="2.16.840.1.113883.6.3" codeSystemName="CIE-10" displayName="Abdominal aortic aneurysm, ruptured"/>
                  </observation>
               </entry>
            </section>
         </component>

<!-- ************************************ AYUDAS DIAGNOSTICAS ************************************ -->         
         <component>
            <section>
               <code codeSystem="2.16.840.1.113883.6.1" codeSystemName="LOINC" code="30954-2" displayName="AYUDAS DIAGNOSTICAS"/>
               <title>AYUDAS DIAGNOSTICAS</title>
               <text>
                  <paragraph> Hemograma </paragraph>                                
               </text>
                  <entry>
                  <procedure classCode="PROC" moodCode="EVN">   
                     <code code="890909" displayName="Hemograma" codeSystem="2.16.170.11001.1000.2.3" codeSystemName="CUPS"></code>
                   </procedure>
                   </entry>
             </section>
         </component>
         
<!-- ************************************ PLAN DE MANEJO ************************************ -->         
         <component>
            <section>
               <code codeSystem="2.16.840.1.113883.6.1" codeSystemName="LOINC" code="29554-3" displayName="PLAN DE MANEJO"/>
               <title>PLAN DE MANEJO</title>
               <text>
                  <paragraph> Albuterol inhalante </paragraph>                                
               </text>
               <entry typeCode="DRIV">
                  <substanceAdministration classCode="SBADM" moodCode="EVN">
                     <doseQuantity value="2"/>
                     <consumable>
                        <manufacturedProduct>
                           <manufacturedMaterial>
                              <code code="307782" codeSystem="2.16.170.11001.1000.2.4"  displayName="Albuterol 0.09 MG/ACTUAT inhalante solución">
                                 <originalText>Albuterol inhalante</originalText>
                              </code>
                           </manufacturedMaterial>
                        </manufacturedProduct>
                     </consumable> 
                  </substanceAdministration>
               </entry>
            </section>
         </component>
       
         
      </structuredBody>
   </component>
</ClinicalDocument>

