<?xml version="1.0" encoding="UTF-8"?>
<!-- XML que indica los catalogos que se cargan en un HashMap -->
<e-receta>
	<localOntology>
		<!-- Ruta de la consulta !-->
		<!-- En el servidor !-->
		<route value="http://127.0.0.1:22202/ontology/ValueSet/" />
		<!-- En mirh local !-->
		<!--<route value="http://desbogotacol.indra.es/ontology/ValueSet/"/>!-->
		<catalogs>
			<!-- Subredes que administran formulas !-->
			<catalogue name="OID sedes" code="AGCC_OIDSD" detail="Catalogo de sedes activas"/>
			<!-- Tipo de documento !-->
			<catalogue name="Tipo de identificacion" code="tipo_documento" detail="Tipo de identificacion de el/la paciente"/>
			<!-- Tipo de aseguramiento !-->
			<catalogue name="Código Tipo de Aseguramiento" code="GRAL_CTAS" detail="Código Tipo de Aseguramiento"/>
			<!-- Aseguradoras !-->
			<catalogue name="Codigo Entidad_Administradora" code="GRAL_EAPB" detail="Catalogo de sistemas de aseguramiento (EPS)"/>
			<!-- Condiciones paciente priorizado !-->
			<catalogue name="Condiciones Paciente priorizado" code="GRAL_PRIO" detail="Condicion de priorizacion del paciente"/>
			<!-- Tipo identificador profesional de la saluda !-->
			<catalogue name="Tipo de identificación de la persona inscrita" code="GRAL_IDPF" detail="Tipo de asegurador que cobija a los profesionales de la salud"/>
			<!-- Unidad de medida de medicamentos !-->
			<catalogue name="Unidad de medida medicamentos" code="FMED_UMED" detail="Unidad de medida de medicamentos en la formula medica"/>
			<!-- Duracion Tratamiento !-->
			<catalogue name="Duracion  Del Tratamiento" code="FMED_UTIM" detail="Valores permitidos como valores de duracion de tratamiento"/>
			<!-- Unidades Farmaceutica !-->
			<catalogue name="Unidades Farmaceutica" code="FMED_UFMC" detail="Unidades Farmaceuticas 'Muy similar a forma farmaceutica pero no igual'"/>
			<!-- Presentacion !-->
			<catalogue name="Forma Farmaceutica" code="FMED_FFAR" detail="Tipo de presentacion permitida en los medicamentos"/>
			<!-- Via de administracion de medicamentos !-->
			<catalogue name="Via de Administración" code="FMED_VIAA" detail="Vias de administracion"/>
			<!-- Motivo de cancelacion !-->
			<catalogue name="Motivo_Inactivacion" code="FMED_MINT" detail="Motivo inactivacion formula medica"/>
			<!-- Centros dispensadores !-->
			<catalogue name="Centros_Dispensadores" code="FMED_CDIS" detail="Centros dispensadores de formula medica"/>
			<!-- localidad !-->
			<catalogue name="LOCALIDAD" code="localidad" detail="Localidades en Bogota"/>
			<!-- Departamentos !-->
			<catalogue name="Departamentos" code="departamento" detail="Codigo DIVIPOLA Departamentos"/>
			<!-- Operadores de Medicamentos !-->
			<catalogue name="OPERADORES_ MEDICAMENTOS" code="FMED_OMED " detail="Codigo del operador de medicamento"/>
			<!-- Centros Autorizadores  !-->
			<catalogue name="Centros_Autorizadores" code="FMED_CAUT" detail="Centros autorizadores de formula medica"/>
			<!-- Frecuencia medicacion
			<catalogue name="Frecuencia de Administración" code="FMED_FREC" detail="Catalogo de frecuencias de administracion de medicamentos permitida"/>
			!-->
		</catalogs>
		<services>
			<!-- Nueva Formula !-->
			<service id="NFM">
				<wsdl value="https://bogotadigital.saludcapital.gov.co/MedicalFormulaHISHL7WS/services/AcceptMessageLegacyPort?wsdl" />
				<service value="{https://receta.salud.camu.es/recetaOMI/services/WebServiceRecetaOMI}AcceptMessageLegacyService"/>
				<port value="{https://receta.salud.camu.es/recetaOMI/services/WebServiceRecetaOMI}AcceptMessageLegacyPort" />
				<location value="https://bogotadigital.saludcapital.gov.co/MedicalFormulaHISHL7WS/services/AcceptMessageLegacyPort" />
			</service>
			<!-- Inactivar Formula !-->
			<service id="IFM">
				<wsdl value="https://bogotadigital.saludcapital.gov.co/MedicalFormulaHISHL7WS/services/AcceptMessageLegacyPort?wsdl" />
				<service value="{https://receta.salud.camu.es/recetaOMI/services/WebServiceRecetaOMI}AcceptMessageLegacyService"/>
				<port value="{https://receta.salud.camu.es/recetaOMI/services/WebServiceRecetaOMI}AcceptMessageLegacyPort" />
				<location value="https://bogotadigital.saludcapital.gov.co/MedicalFormulaHISHL7WS/services/AcceptMessageLegacyPort" />
			</service>
			<!-- Notificar Dispensacion Formula!-->
			<service id="DFM">
				<wsdl value="https://bogotadigital.saludcapital.gov.co/MFDeliveryHL7WS/services/AcceptMessageLegacyPort?wsdl" />
				<service value="{https://receta.salud.camu.es/recetaOMI/services/WebServiceRecetaOMI}AcceptMessageLegacyService"/>
				<port value="{https://receta.salud.camu.es/recetaOMI/services/WebServiceRecetaOMI}AcceptMessageLegacyPort" />
				<location value="https://bogotadigital.saludcapital.gov.co/MFDeliveryHL7WS/services/AcceptMessageLegacyPort" />
			</service>
			<!-- Consultar Formula !-->
			<service id="CFM">
				<wsdl value="https://bogotadigital.saludcapital.gov.co/MFDeliveryHL7WS/services/AcceptMessageLegacyPort?wsdl" />
				<service value="{https://receta.salud.camu.es/recetaOMI/services/WebServiceRecetaOMI}AcceptMessageLegacyService"/>
				<port value="{https://receta.salud.camu.es/recetaOMI/services/WebServiceRecetaOMI}AcceptMessageLegacyPort" />
				<location value="https://bogotadigital.saludcapital.gov.co/MFDeliveryHL7WS/services/AcceptMessageLegacyPort" />
			</service>
			<!-- Autorizaciones Formula !-->
			<service id="AFM">
				<wsdl value="https://bogotadigital.saludcapital.gov.co/MedicalFormulaPAUHL7WS/services/AcceptMessageLegacyPort?wsdl" />
				<service value="{https://receta.salud.camu.es/recetaOMI/services/WebServiceRecetaOMI}AcceptMessageLegacyService"/>
				<port value="{https://receta.salud.camu.es/recetaOMI/services/WebServiceRecetaOMI}AcceptMessageLegacyPort" />
				<location value="https://bogotadigital.saludcapital.gov.co/MedicalFormulaPAUHL7WS/services/AcceptMessageLegacyPort" />
			</service>
			<!-- Consultar Formula !-->
			<service id="QFM">
				<wsdl value="https://bogotadigital.saludcapital.gov.co/MFDeliveryHL7WS/services/AcceptMessageLegacyPort?wsdl" />
				<service value="{https://receta.salud.camu.es/recetaOMI/services/WebServiceRecetaOMI}AcceptMessageLegacyService"/>
				<port value="{https://receta.salud.camu.es/recetaOMI/services/WebServiceRecetaOMI}AcceptMessageLegacyPort" />
				<location value="https://bogotadigital.saludcapital.gov.co/MFDeliveryHL7WS/services/AcceptMessageLegacyPort" />
			</service>
			<!-- identificar_paciente !-->
			<service id="identificar">
				<rest_url value="https://bogotadigital.saludcapital.gov.co/identificar_paciente/Patient" />
			</service>
			<!-- MPI !-->
			<service id="MPI">
				<rest_url value="https://bogotadigital.saludcapital.gov.co/mpi/Patient/" />
			</service>
		</services>
	</localOntology>
</e-receta>
