<estadisticas_ESB_HCEU>
    <!-- Ip del nodo Mirth donde se ejecuta el canal !-->
    <mirth_node value="172.21.15.29"/>
    <!-- Ruta base de query de la API!-->
    <api_query_base value="https://127.0.0.1:8443/api/"/>
    <!-- servicio consulta grupos !-->
    <group_query_service value="channelgroups"/>
    <!-- servicio consulta channels !-->
    <channel_query_service value="channels"/>
    <!-- Parametros minimos !-->
    <msgMinParams value="/messages?includeContent=false&amp;offset=0&amp;limit=10500&amp;minMessageId="/>
    <!-- Maximo Id message !-->
    <maxId_query_service value="/messages/maxMessageId"/>
    <!-- agrupacion de canales por grupos !-->
    <groups>
        <!-- Elemento group: Elemento que agrupa canales por grupos
        @id: Identificador del grupo en el ESB
        @active: Indicador de si el canal se debe o no utilizar (T:si|F:no)
        @query: ruta de la consulta del grupo especifico
      !-->
        <!-- Estaba en True !-->
        <group active="F" id="a9665ae0-0562-4a5e-95d8-356da8adc869" query="?channelGroupId=a9665ae0-0562-4a5e-95d8-356da8adc869">
            <!-- Estaba en True !-->
            <!-- Elemento channels: Agrupador de canales por grupo !-->
            <channels>
                <!-- Elemento channel: Informacion del canal
                @id: Identificador del canal en el ESB
                @active: Indicador de si el canal se debe o no utilizar (T:si|F:no)
              !-->
                <channel active="F" id="6d92a449-62e5-4b0a-8384-43340dab0cbc" last_msg_id="1"/>
                <!-- Estaba en True !-->
                <channel active="F" id="bc2653a4-b4c6-4bab-a585-bb0e5635b561" last_msg_id="3215"/>
                <!-- Estaba en True !-->
                <channel active="F" id="d5837da0-f71d-47f1-9f38-bce71e49d8e5" last_msg_id="1"/>
                <!-- Estaba en True !-->
                <channel active="F" id="5e18d225-2fda-444f-a841-88adba828ed0" last_msg_id="1390"/>
                <channel active="F" id="ca2a563a-83b3-49e8-a483-fb104cc53e9a" last_msg_id="219"/>
                <!-- Estaba en True !-->
                <channel active="F" id="bfba05c5-5fb1-4eae-801d-a68a4527e475" last_msg_id="1"/>
                <channel active="F" id="813a676c-e27f-4724-9b59-329fd5ea72c1" last_msg_id="14"/>
                <!-- Estaba en True !-->
                <channel active="F" id="41a5cb8b-e26d-4326-b75f-8dc1837ed19d" last_msg_id="44"/>
                <channel active="F" id="cba4a1a6-a924-440c-aef8-e5509f6b9a54" last_msg_id="4"/>
                <!-- Estaba en True !-->
                <channel active="F" id="bbe48da3-ed07-4b1d-960e-1a30ffd3275a" last_msg_id="127"/>
                <channel active="F" id="d73dbc0f-01a3-473d-b62a-2381b66addb0" last_msg_id="1"/>
                <channel active="F" id="980e71a3-24a6-444c-8bd9-bc3d0b6be271" last_msg_id="22091"/>
                <channel active="F" id="0f178b81-8f45-4634-a3fe-559ebce4995e" last_msg_id="1"/>
            </channels>
        </group>
        <group active="T" id="b591bd38-07e9-42aa-a69b-9460c3801447" query="?channelGroupId=b591bd38-07e9-42aa-a69b-9460c3801447">
            <channels>
                <channel active="T" id="744ed4c6-dff7-4aff-978a-bf7076855d23" last_msg_id="200163"/>
                <channel active="F" id="6f9202b2-8a28-4034-aa45-20818d214289" last_msg_id="11400"/>
            </channels>
        </group>
        <group active="F" id="97b51033-5171-40c1-9e5a-affea344c409" query="?channelGroupId=97b51033-5171-40c1-9e5a-affea344c409">
            <channels>
                <channel active="F" id="be87928d-c3b0-498a-810b-429aef1ef8d7" last_msg_id="199"/>
                <channel active="F" id="52d65740-09ed-4a2a-a465-fa9d93e254a9" last_msg_id="516"/>
                <channel active="F" id="15fd7815-8e42-401a-9555-e1bef2daa4e1" last_msg_id="1007"/>
                <channel active="F" id="121ca84c-56b0-4a1c-b8c6-93148500464f" last_msg_id="1222"/>
                <channel active="F" id="57905543-1a23-4b65-86bc-a783583215a2" last_msg_id="29"/>
                <channel active="F" id="b14f2b6e-5c20-4707-aaf2-9a2986ba9fde" last_msg_id="45"/>
                <channel active="F" id="abfaf5ea-c32e-453c-8475-afa2689ab69f" last_msg_id="31"/>
                <channel active="F" id="bf25f204-4935-4059-a6a4-0652a485dc62" last_msg_id="2910"/>
                <channel active="F" id="502de3d4-b640-4362-92c3-7b8cca15e581" last_msg_id="2372"/>
                <channel active="F" id="62eba088-cfb4-4879-aa9d-da2ef9e8bb0c" last_msg_id="66431"/>
                <channel active="F" id="44506ea3-c3bc-4847-b520-f545135ecf57" last_msg_id="2265"/>
                <channel active="F" id="2a178e22-ec30-4510-99c9-72fadc2dea4a" last_msg_id="38"/>
                <channel active="F" id="27cafac4-9424-4eca-8428-6b953191536b" last_msg_id="2911"/>
                <channel active="F" id="6882657e-9b77-4c59-b9ce-450cceb1436b" last_msg_id="199"/>
                <channel active="F" id="f5d33bd7-4563-496e-91cc-4f6219b20230" last_msg_id="1224"/>
                <channel active="F" id="3561e126-c57b-48f8-89e3-e69f824f6ee6" last_msg_id="59"/>
                <channel active="F" id="7e5cd04d-b27f-401b-9e97-8adebcb89609" last_msg_id="221084"/>
                <channel active="F" id="d412ebb2-c4b3-46d3-8a5b-459aed4112fb" last_msg_id="49"/>
                <channel active="F" id="73fead43-2979-4648-aff5-32a7b009fb21" last_msg_id="114"/>
                <channel active="F" id="b0b099fe-6ef8-4995-8273-0813f40fe5b7" last_msg_id="49"/>
                <channel active="F" id="90b07a6f-1c52-4790-83a6-31863ec614f5" last_msg_id="111"/>
            </channels>
        </group>
    </groups>
</estadisticas_ESB_HCEU>
