<?xml version="1.0" encoding="UTF-8"?>
<email>
	<host>
		<url value="smtp.office365.com"/>
		<port value="587"/>
	</host>
	<procesos>
		<proceso id="1" name="Fómula Médica">
			<user value="MisMedicamentos@saludcapital.gov.co"/>
			<pass value="SaludDigital2019"/>
			<from value="MisMedicamentos@saludcapital.gov.co"/>
			<subject value="Notificación Medicamentos"/>	
		</proceso>

		<proceso id="2" name="Agendamiento">
			<user value="MiCita@saludcapital.gov.co"/>
			<pass value="SaludDigital2019"/>
			<from value="MiCita@saludcapital.gov.co"/>
			<subject value="Notificación Cita Médica"/>
		</proceso>
	</procesos>
</email>